Year,Month,rate_display_pct,virus,branch,phase
2019,2,,FluA,minimal_corrected,phase2
2019,3,8.035714285714286,FluA,minimal_corrected,phase2
2019,4,3.738317757009345,FluA,minimal_corrected,phase2
2019,5,0.0,FluA,minimal_corrected,phase2
2019,6,1.1869436201780417,FluA,minimal_corrected,phase2
2019,7,0.7263922518159807,FluA,minimal_corrected,phase2
2019,8,1.310861423220974,FluA,minimal_corrected,phase2
2019,9,1.4018691588785046,FluA,minimal_corrected,phase2
2019,10,0.0,FluA,minimal_corrected,phase2
2019,11,1.095890410958904,FluA,minimal_corrected,phase2
2019,12,5.020080321285141,FluA,minimal_corrected,phase2
2020,1,15.77574967405476,FluA,minimal_corrected,phase2
2020,2,1.818181818181818,FluA,minimal_corrected,phase2
2020,3,0.0,FluA,minimal_corrected,phase2
2020,4,0.0,FluA,minimal_corrected,phase2
2020,5,0.0,FluA,minimal_corrected,phase2
2020,6,0.0,FluA,minimal_corrected,phase2
2020,7,0.0,FluA,minimal_corrected,phase2
2020,8,0.4424778761061947,FluA,minimal_corrected,phase2
2020,9,0.0,FluA,minimal_corrected,phase2
2020,10,0.0,FluA,minimal_corrected,phase2
2020,11,0.0,FluA,minimal_corrected,phase2
2020,12,0.0,FluA,minimal_corrected,phase2
2021,1,0.0,FluA,minimal_corrected,phase2
2021,2,0.0,FluA,minimal_corrected,phase2
2021,3,0.0,FluA,minimal_corrected,phase2
2021,4,0.0,FluA,minimal_corrected,phase2
2021,5,0.0,FluA,minimal_corrected,phase2
2021,6,0.0,FluA,minimal_corrected,phase2
2021,7,0.0,FluA,minimal_corrected,phase2
2021,8,0.0,FluA,minimal_corrected,phase2
2021,9,0.0,FluA,minimal_corrected,phase2
2021,10,0.0,FluA,minimal_corrected,phase2
2021,11,0.0,FluA,minimal_corrected,phase2
2021,12,0.0,FluA,minimal_corrected,phase2
2022,1,0.2695417789757413,FluA,minimal_corrected,phase2
2022,2,0.0,FluA,minimal_corrected,phase2
2022,3,0.0,FluA,minimal_corrected,phase2
2022,4,0.0,FluA,minimal_corrected,phase2
2022,5,0.2487562189054726,FluA,minimal_corrected,phase2
2022,6,22.349570200573066,FluA,minimal_corrected,phase2
2022,7,15.813253012048191,FluA,minimal_corrected,phase2
2022,8,0.7155635062611807,FluA,minimal_corrected,phase2
2022,9,0.2415458937198067,FluA,minimal_corrected,phase2
2022,10,0.0,FluA,minimal_corrected,phase2
2022,11,0.0,FluA,minimal_corrected,phase2
2022,12,0.1607717041800643,FluA,minimal_corrected,phase2
2023,1,0.1310615989515072,FluA,minimal_corrected,phase2
2023,2,0.209205020920502,FluA,minimal_corrected,phase2
2023,3,24.761904761904763,FluA,minimal_corrected,phase2
2023,4,26.199261992619927,FluA,minimal_corrected,phase2
2023,5,3.7566137566137567,FluA,minimal_corrected,phase2
2023,6,0.3460207612456747,FluA,minimal_corrected,phase2
2023,7,0.5822416302765648,FluA,minimal_corrected,phase2
2023,8,0.6589785831960462,FluA,minimal_corrected,phase2
2023,9,3.772336201191264,FluA,minimal_corrected,phase2
2023,10,8.079577750710516,FluA,minimal_corrected,phase2
2023,11,28.031429178169464,FluA,minimal_corrected,phase2
2023,12,44.76000664341471,FluA,minimal_corrected,phase2
2024,1,10.194902548725636,FluA,minimal_corrected,phase2
2024,2,2.977667493796526,FluA,minimal_corrected,phase2
2024,3,3.338632750397456,FluA,minimal_corrected,phase2
2024,4,12.280701754385964,FluA,minimal_corrected,phase2
2024,5,13.398058252427184,FluA,minimal_corrected,phase2
2024,6,13.34841628959276,FluA,minimal_corrected,phase2
2024,7,14.62264150943396,FluA,minimal_corrected,phase2
2024,8,1.4760147601476017,FluA,minimal_corrected,phase2
2024,9,1.2448132780082988,FluA,minimal_corrected,phase2
2024,10,0.0,FluA,minimal_corrected,phase2
2024,11,0.9523809523809524,FluA,minimal_corrected,phase2
2024,12,5.172413793103448,FluA,minimal_corrected,phase2
2025,1,19.67509025270758,FluA,minimal_corrected,phase2
2025,2,20.86446104589114,FluA,minimal_corrected,phase2
2025,3,7.298211696471725,FluA,minimal_corrected,phase2
2025,4,2.2167487684729066,FluA,minimal_corrected,phase2
2025,5,0.930460333006856,FluA,minimal_corrected,phase2
2025,6,1.868188894654904,FluA,minimal_corrected,phase2
2025,7,1.8471337579617837,FluA,minimal_corrected,phase2
2025,8,2.8461538461538463,FluA,minimal_corrected,phase2
2025,9,6.013363028953229,FluA,minimal_corrected,phase2
2025,10,10.271041369472185,FluA,minimal_corrected,phase2
2025,11,25.192649673977478,FluA,minimal_corrected,phase2
2019,2,,FluB,minimal_corrected,phase2
2019,3,0.0,FluB,minimal_corrected,phase2
2019,4,4.205607476635514,FluB,minimal_corrected,phase2
2019,5,6.882591093117409,FluB,minimal_corrected,phase2
2019,6,5.934718100890208,FluB,minimal_corrected,phase2
2019,7,2.4213075060532687,FluB,minimal_corrected,phase2
2019,8,2.621722846441948,FluB,minimal_corrected,phase2
2019,9,0.4672897196261681,FluB,minimal_corrected,phase2
2019,10,0.3278688524590163,FluB,minimal_corrected,phase2
2019,11,0.821917808219178,FluB,minimal_corrected,phase2
2019,12,4.618473895582329,FluB,minimal_corrected,phase2
2020,1,3.520208604954368,FluB,minimal_corrected,phase2
2020,2,0.5353319057815845,FluB,minimal_corrected,phase2
2020,3,0.0,FluB,minimal_corrected,phase2
2020,4,0.0,FluB,minimal_corrected,phase2
2020,5,0.0,FluB,minimal_corrected,phase2
2020,6,0.0,FluB,minimal_corrected,phase2
2020,7,0.0,FluB,minimal_corrected,phase2
2020,8,0.0,FluB,minimal_corrected,phase2
2020,9,0.0,FluB,minimal_corrected,phase2
2020,10,0.0,FluB,minimal_corrected,phase2
2020,11,0.0,FluB,minimal_corrected,phase2
2020,12,0.0,FluB,minimal_corrected,phase2
2021,1,0.0,FluB,minimal_corrected,phase2
2021,2,0.0,FluB,minimal_corrected,phase2
2021,3,0.0,FluB,minimal_corrected,phase2
2021,4,1.015228426395939,FluB,minimal_corrected,phase2
2021,5,0.5524861878453038,FluB,minimal_corrected,phase2
2021,6,0.6944444444444444,FluB,minimal_corrected,phase2
2021,7,2.1739130434782608,FluB,minimal_corrected,phase2
2021,8,1.4545454545454546,FluB,minimal_corrected,phase2
2021,9,3.007518796992481,FluB,minimal_corrected,phase2
2021,10,0.7575757575757576,FluB,minimal_corrected,phase2
2021,11,0.4405286343612335,FluB,minimal_corrected,phase2
2021,12,3.5830618892508146,FluB,minimal_corrected,phase2
2022,1,10.512129380053908,FluB,minimal_corrected,phase2
2022,2,3.435114503816794,FluB,minimal_corrected,phase2
2022,3,4.6938775510204085,FluB,minimal_corrected,phase2
2022,4,1.8050541516245489,FluB,minimal_corrected,phase2
2022,5,0.9950248756218906,FluB,minimal_corrected,phase2
2022,6,0.4297994269340974,FluB,minimal_corrected,phase2
2022,7,0.0,FluB,minimal_corrected,phase2
2022,8,0.0,FluB,minimal_corrected,phase2
2022,9,0.0,FluB,minimal_corrected,phase2
2022,10,0.2145922746781116,FluB,minimal_corrected,phase2
2022,11,0.7309941520467835,FluB,minimal_corrected,phase2
2022,12,0.1607717041800643,FluB,minimal_corrected,phase2
2023,1,0.1310615989515072,FluB,minimal_corrected,phase2
2023,2,0.0,FluB,minimal_corrected,phase2
2023,3,0.0952380952380952,FluB,minimal_corrected,phase2
2023,4,0.0,FluB,minimal_corrected,phase2
2023,5,0.0,FluB,minimal_corrected,phase2
2023,6,0.0692041522491349,FluB,minimal_corrected,phase2
2023,7,0.0,FluB,minimal_corrected,phase2
2023,8,0.0,FluB,minimal_corrected,phase2
2023,9,0.727994705493051,FluB,minimal_corrected,phase2
2023,10,3.451075923670321,FluB,minimal_corrected,phase2
2023,11,13.442344446803991,FluB,minimal_corrected,phase2
2023,12,21.82361733931241,FluB,minimal_corrected,phase2
2024,1,7.34632683658171,FluB,minimal_corrected,phase2
2024,2,6.930693069306932,FluB,minimal_corrected,phase2
2024,3,2.2257551669316373,FluB,minimal_corrected,phase2
2024,4,0.7029876977152899,FluB,minimal_corrected,phase2
2024,5,0.5847953216374269,FluB,minimal_corrected,phase2
2024,6,0.0,FluB,minimal_corrected,phase2
2024,7,0.4716981132075472,FluB,minimal_corrected,phase2
2024,8,0.0,FluB,minimal_corrected,phase2
2024,9,0.0,FluB,minimal_corrected,phase2
2024,10,0.0,FluB,minimal_corrected,phase2
2024,11,0.0,FluB,minimal_corrected,phase2
2024,12,0.0,FluB,minimal_corrected,phase2
2025,1,0.0902527075812274,FluB,minimal_corrected,phase2
2025,2,0.1067235859124866,FluB,minimal_corrected,phase2
2025,3,0.1933301111648139,FluB,minimal_corrected,phase2
2025,4,0.2955665024630542,FluB,minimal_corrected,phase2
2025,5,0.4897159647404506,FluB,minimal_corrected,phase2
2025,6,1.1935651271406331,FluB,minimal_corrected,phase2
2025,7,0.89171974522293,FluB,minimal_corrected,phase2
2025,8,1.5384615384615383,FluB,minimal_corrected,phase2
2025,9,3.34075723830735,FluB,minimal_corrected,phase2
2025,10,1.925820256776034,FluB,minimal_corrected,phase2
2025,11,0.8298755186721992,FluB,minimal_corrected,phase2
2019,2,,RSV,minimal_corrected,phase2
2019,3,8.035714285714286,RSV,minimal_corrected,phase2
2019,4,5.14018691588785,RSV,minimal_corrected,phase2
2019,5,1.214574898785425,RSV,minimal_corrected,phase2
2019,6,0.5934718100890208,RSV,minimal_corrected,phase2
2019,7,0.7263922518159807,RSV,minimal_corrected,phase2
2019,8,6.179775280898876,RSV,minimal_corrected,phase2
2019,9,11.214953271028037,RSV,minimal_corrected,phase2
2019,10,8.19672131147541,RSV,minimal_corrected,phase2
2019,11,3.287671232876712,RSV,minimal_corrected,phase2
2019,12,10.843373493975903,RSV,minimal_corrected,phase2
2020,1,17.731421121251632,RSV,minimal_corrected,phase2
2020,2,3.3190578158458246,RSV,minimal_corrected,phase2
2020,3,0.8602150537634409,RSV,minimal_corrected,phase2
2020,4,0.8032128514056224,RSV,minimal_corrected,phase2
2020,5,0.0,RSV,minimal_corrected,phase2
2020,6,0.0,RSV,minimal_corrected,phase2
2020,7,0.8097165991902834,RSV,minimal_corrected,phase2
2020,8,2.666666666666667,RSV,minimal_corrected,phase2
2020,9,14.17004048582996,RSV,minimal_corrected,phase2
2020,10,16.10738255033557,RSV,minimal_corrected,phase2
2020,11,10.144927536231885,RSV,minimal_corrected,phase2
2020,12,4.824561403508771,RSV,minimal_corrected,phase2
2021,1,1.5037593984962403,RSV,minimal_corrected,phase2
2021,2,2.255639097744361,RSV,minimal_corrected,phase2
2021,3,0.0,RSV,minimal_corrected,phase2
2021,4,0.5076142131979695,RSV,minimal_corrected,phase2
2021,5,3.314917127071823,RSV,minimal_corrected,phase2
2021,6,19.791666666666664,RSV,minimal_corrected,phase2
2021,7,36.33540372670808,RSV,minimal_corrected,phase2
2021,8,30.181818181818183,RSV,minimal_corrected,phase2
2021,9,20.30075187969925,RSV,minimal_corrected,phase2
2021,10,0.0,RSV,minimal_corrected,phase2
2021,11,0.4405286343612335,RSV,minimal_corrected,phase2
2021,12,0.6514657980456027,RSV,minimal_corrected,phase2
2022,1,1.6172506738544474,RSV,minimal_corrected,phase2
2022,2,4.198473282442748,RSV,minimal_corrected,phase2
2022,3,5.306122448979592,RSV,minimal_corrected,phase2
2022,4,0.9025270758122744,RSV,minimal_corrected,phase2
2022,5,1.2437810945273633,RSV,minimal_corrected,phase2
2022,6,2.5787965616045847,RSV,minimal_corrected,phase2
2022,7,5.572289156626506,RSV,minimal_corrected,phase2
2022,8,8.586762075134168,RSV,minimal_corrected,phase2
2022,9,3.864734299516908,RSV,minimal_corrected,phase2
2022,10,4.721030042918455,RSV,minimal_corrected,phase2
2022,11,2.7777777777777777,RSV,minimal_corrected,phase2
2022,12,6.752411575562702,RSV,minimal_corrected,phase2
2023,1,0.3931847968545215,RSV,minimal_corrected,phase2
2023,2,0.6276150627615062,RSV,minimal_corrected,phase2
2023,3,0.7619047619047619,RSV,minimal_corrected,phase2
2023,4,2.8044280442804426,RSV,minimal_corrected,phase2
2023,5,6.349206349206349,RSV,minimal_corrected,phase2
2023,6,17.370242214532873,RSV,minimal_corrected,phase2
2023,7,17.903930131004365,RSV,minimal_corrected,phase2
2023,8,12.520593080724876,RSV,minimal_corrected,phase2
2023,9,11.846459298477829,RSV,minimal_corrected,phase2
2023,10,5.115712545676005,RSV,minimal_corrected,phase2
2023,11,1.2741558717349757,RSV,minimal_corrected,phase2
2023,12,0.2823451253944528,RSV,minimal_corrected,phase2
2024,1,0.1499250374812593,RSV,minimal_corrected,phase2
2024,2,0.9925558312655088,RSV,minimal_corrected,phase2
2024,3,2.384737678855326,RSV,minimal_corrected,phase2
2024,4,1.592920353982301,RSV,minimal_corrected,phase2
2024,5,1.596806387225549,RSV,minimal_corrected,phase2
2024,6,1.1389521640091116,RSV,minimal_corrected,phase2
2024,7,6.341463414634147,RSV,minimal_corrected,phase2
2024,8,2.631578947368421,RSV,minimal_corrected,phase2
2024,9,2.904564315352697,RSV,minimal_corrected,phase2
2024,10,3.314917127071823,RSV,minimal_corrected,phase2
2024,11,0.4784688995215311,RSV,minimal_corrected,phase2
2024,12,0.0,RSV,minimal_corrected,phase2
2025,1,1.2217194570135748,RSV,minimal_corrected,phase2
2025,2,1.2332439678284184,RSV,minimal_corrected,phase2
2025,3,3.732428502181289,RSV,minimal_corrected,phase2
2025,4,3.842364532019704,RSV,minimal_corrected,phase2
2025,5,5.110565110565111,RSV,minimal_corrected,phase2
2025,6,9.138381201044384,RSV,minimal_corrected,phase2
2025,7,21.26034373010821,RSV,minimal_corrected,phase2
2025,8,18.6010760953113,RSV,minimal_corrected,phase2
2025,9,20.65378900445765,RSV,minimal_corrected,phase2
2025,10,18.175338560228084,RSV,minimal_corrected,phase2
2025,11,3.793716656787196,RSV,minimal_corrected,phase2
2019,2,,ADV,minimal_corrected,phase2
2019,3,8.928571428571429,ADV,minimal_corrected,phase2
2019,4,18.22429906542056,ADV,minimal_corrected,phase2
2019,5,31.57894736842105,ADV,minimal_corrected,phase2
2019,6,22.916666666666664,ADV,minimal_corrected,phase2
2019,7,29.055690072639223,ADV,minimal_corrected,phase2
2019,8,28.651685393258425,ADV,minimal_corrected,phase2
2019,9,13.053613053613052,ADV,minimal_corrected,phase2
2019,10,6.885245901639345,ADV,minimal_corrected,phase2
2019,11,7.671232876712329,ADV,minimal_corrected,phase2
2019,12,7.028112449799197,ADV,minimal_corrected,phase2
2020,1,5.475880052151238,ADV,minimal_corrected,phase2
2020,2,1.3918629550321198,ADV,minimal_corrected,phase2
2020,3,1.0752688172043012,ADV,minimal_corrected,phase2
2020,4,0.4,ADV,minimal_corrected,phase2
2020,5,1.1560693641618496,ADV,minimal_corrected,phase2
2020,6,0.4694835680751174,ADV,minimal_corrected,phase2
2020,7,0.0,ADV,minimal_corrected,phase2
2020,8,0.8849557522123894,ADV,minimal_corrected,phase2
2020,9,0.8097165991902834,ADV,minimal_corrected,phase2
2020,10,2.013422818791946,ADV,minimal_corrected,phase2
2020,11,1.4492753623188406,ADV,minimal_corrected,phase2
2020,12,2.1929824561403506,ADV,minimal_corrected,phase2
2021,1,0.7518796992481203,ADV,minimal_corrected,phase2
2021,2,0.0,ADV,minimal_corrected,phase2
2021,3,1.0256410256410255,ADV,minimal_corrected,phase2
2021,4,1.015228426395939,ADV,minimal_corrected,phase2
2021,5,2.209944751381215,ADV,minimal_corrected,phase2
2021,6,1.3888888888888888,ADV,minimal_corrected,phase2
2021,7,1.8633540372670807,ADV,minimal_corrected,phase2
2021,8,0.0,ADV,minimal_corrected,phase2
2021,9,0.0,ADV,minimal_corrected,phase2
2021,10,1.5151515151515151,ADV,minimal_corrected,phase2
2021,11,0.4405286343612335,ADV,minimal_corrected,phase2
2021,12,0.9771986970684038,ADV,minimal_corrected,phase2
2022,1,1.3477088948787064,ADV,minimal_corrected,phase2
2022,2,2.6717557251908395,ADV,minimal_corrected,phase2
2022,3,1.4285714285714286,ADV,minimal_corrected,phase2
2022,4,0.9025270758122744,ADV,minimal_corrected,phase2
2022,5,0.7462686567164178,ADV,minimal_corrected,phase2
2022,6,1.002865329512894,ADV,minimal_corrected,phase2
2022,7,0.1506024096385542,ADV,minimal_corrected,phase2
2022,8,1.2522361359570662,ADV,minimal_corrected,phase2
2022,9,0.4830917874396135,ADV,minimal_corrected,phase2
2022,10,3.2188841201716736,ADV,minimal_corrected,phase2
2022,11,3.070175438596491,ADV,minimal_corrected,phase2
2022,12,2.090032154340836,ADV,minimal_corrected,phase2
2023,1,0.9174311926605504,ADV,minimal_corrected,phase2
2023,2,2.092050209205021,ADV,minimal_corrected,phase2
2023,3,1.005586592178771,ADV,minimal_corrected,phase2
2023,4,1.768172888015717,ADV,minimal_corrected,phase2
2023,5,2.0029673590504453,ADV,minimal_corrected,phase2
2023,6,3.3639143730886847,ADV,minimal_corrected,phase2
2023,7,4.651162790697675,ADV,minimal_corrected,phase2
2023,8,7.214121258633923,ADV,minimal_corrected,phase2
2023,9,9.201101928374657,ADV,minimal_corrected,phase2
2023,10,10.534304796599878,ADV,minimal_corrected,phase2
2023,11,9.638128861429832,ADV,minimal_corrected,phase2
2023,12,12.361282367447595,ADV,minimal_corrected,phase2
2024,1,0.8995502248875562,ADV,minimal_corrected,phase2
2024,2,1.488833746898263,ADV,minimal_corrected,phase2
2024,3,1.7488076311605725,ADV,minimal_corrected,phase2
2024,4,2.120141342756184,ADV,minimal_corrected,phase2
2024,5,0.984251968503937,ADV,minimal_corrected,phase2
2024,6,2.5056947608200453,ADV,minimal_corrected,phase2
2024,7,0.48661800486618,ADV,minimal_corrected,phase2
2024,8,1.858736059479554,ADV,minimal_corrected,phase2
2024,9,0.8264462809917356,ADV,minimal_corrected,phase2
2024,10,1.092896174863388,ADV,minimal_corrected,phase2
2024,11,0.9569377990430622,ADV,minimal_corrected,phase2
2024,12,1.293103448275862,ADV,minimal_corrected,phase2
2025,1,5.532114392873886,ADV,minimal_corrected,phase2
2025,2,4.931669637551991,ADV,minimal_corrected,phase2
2025,3,3.41130604288499,ADV,minimal_corrected,phase2
2025,4,5.22167487684729,ADV,minimal_corrected,phase2
2025,5,3.5678889990089195,ADV,minimal_corrected,phase2
2025,6,5.297679112008073,ADV,minimal_corrected,phase2
2025,7,3.0089628681177976,ADV,minimal_corrected,phase2
2025,8,3.195635229929852,ADV,minimal_corrected,phase2
2025,9,3.4848484848484853,ADV,minimal_corrected,phase2
2025,10,4.431736954967834,ADV,minimal_corrected,phase2
2025,11,4.193138500635324,ADV,minimal_corrected,phase2
2019,2,,PIV,minimal_corrected,phase2
2019,3,0.0,PIV,minimal_corrected,phase2
2019,4,10.74766355140187,PIV,minimal_corrected,phase2
2019,5,10.121457489878544,PIV,minimal_corrected,phase2
2019,6,10.089020771513352,PIV,minimal_corrected,phase2
2019,7,6.053268765133172,PIV,minimal_corrected,phase2
2019,8,3.3707865168539324,PIV,minimal_corrected,phase2
2019,9,3.504672897196261,PIV,minimal_corrected,phase2
2019,10,4.918032786885246,PIV,minimal_corrected,phase2
2019,11,6.027397260273973,PIV,minimal_corrected,phase2
2019,12,5.220883534136546,PIV,minimal_corrected,phase2
2020,1,2.9986962190352022,PIV,minimal_corrected,phase2
2020,2,0.4282655246252677,PIV,minimal_corrected,phase2
2020,3,0.4301075268817204,PIV,minimal_corrected,phase2
2020,4,0.0,PIV,minimal_corrected,phase2
2020,5,0.0,PIV,minimal_corrected,phase2
2020,6,0.9389671361502347,PIV,minimal_corrected,phase2
2020,7,0.0,PIV,minimal_corrected,phase2
2020,8,0.4424778761061947,PIV,minimal_corrected,phase2
2020,9,2.834008097165992,PIV,minimal_corrected,phase2
2020,10,6.711409395973154,PIV,minimal_corrected,phase2
2020,11,11.650485436893204,PIV,minimal_corrected,phase2
2020,12,10.526315789473683,PIV,minimal_corrected,phase2
2021,1,3.3834586466165413,PIV,minimal_corrected,phase2
2021,2,1.5037593984962403,PIV,minimal_corrected,phase2
2021,3,1.5384615384615383,PIV,minimal_corrected,phase2
2021,4,1.015228426395939,PIV,minimal_corrected,phase2
2021,5,6.077348066298343,PIV,minimal_corrected,phase2
2021,6,6.25,PIV,minimal_corrected,phase2
2021,7,5.590062111801243,PIV,minimal_corrected,phase2
2021,8,1.090909090909091,PIV,minimal_corrected,phase2
2021,9,0.0,PIV,minimal_corrected,phase2
2021,10,0.7575757575757576,PIV,minimal_corrected,phase2
2021,11,1.762114537444934,PIV,minimal_corrected,phase2
2021,12,3.5830618892508146,PIV,minimal_corrected,phase2
2022,1,5.660377358490567,PIV,minimal_corrected,phase2
2022,2,8.015267175572518,PIV,minimal_corrected,phase2
2022,3,5.306122448979592,PIV,minimal_corrected,phase2
2022,4,2.888086642599278,PIV,minimal_corrected,phase2
2022,5,1.4925373134328357,PIV,minimal_corrected,phase2
2022,6,3.151862464183381,PIV,minimal_corrected,phase2
2022,7,2.108433734939759,PIV,minimal_corrected,phase2
2022,8,1.2522361359570662,PIV,minimal_corrected,phase2
2022,9,0.7246376811594203,PIV,minimal_corrected,phase2
2022,10,3.433476394849785,PIV,minimal_corrected,phase2
2022,11,5.701754385964912,PIV,minimal_corrected,phase2
2022,12,5.357142857142857,PIV,minimal_corrected,phase2
2023,1,0.3942181340341655,PIV,minimal_corrected,phase2
2023,2,0.2096436058700209,PIV,minimal_corrected,phase2
2023,3,0.2684563758389262,PIV,minimal_corrected,phase2
2023,4,0.3179650238473768,PIV,minimal_corrected,phase2
2023,5,0.5361930294906166,PIV,minimal_corrected,phase2
2023,6,3.83877159309021,PIV,minimal_corrected,phase2
2023,7,3.2352941176470598,PIV,minimal_corrected,phase2
2023,8,2.849002849002849,PIV,minimal_corrected,phase2
2023,9,2.31023102310231,PIV,minimal_corrected,phase2
2023,10,1.7167381974248928,PIV,minimal_corrected,phase2
2023,11,3.0716723549488054,PIV,minimal_corrected,phase2
2023,12,1.851851851851852,PIV,minimal_corrected,phase2
2024,1,0.5997001499250375,PIV,minimal_corrected,phase2
2024,2,3.722084367245657,PIV,minimal_corrected,phase2
2024,3,1.1128775834658189,PIV,minimal_corrected,phase2
2024,4,1.2411347517730498,PIV,minimal_corrected,phase2
2024,5,3.225806451612903,PIV,minimal_corrected,phase2
2024,6,3.4246575342465757,PIV,minimal_corrected,phase2
2024,7,2.2167487684729066,PIV,minimal_corrected,phase2
2024,8,1.5151515151515151,PIV,minimal_corrected,phase2
2024,9,2.092050209205021,PIV,minimal_corrected,phase2
2024,10,2.824858757062147,PIV,minimal_corrected,phase2
2024,11,0.9569377990430622,PIV,minimal_corrected,phase2
2024,12,3.896103896103896,PIV,minimal_corrected,phase2
2025,1,3.587443946188341,PIV,minimal_corrected,phase2
2025,2,1.7543859649122806,PIV,minimal_corrected,phase2
2025,3,1.0416666666666663,PIV,minimal_corrected,phase2
2025,4,1.1363636363636365,PIV,minimal_corrected,phase2
2025,5,2.1739130434782608,PIV,minimal_corrected,phase2
2025,6,3.571428571428571,PIV,minimal_corrected,phase2
2025,7,1.6574585635359116,PIV,minimal_corrected,phase2
2025,8,4.430379746835443,PIV,minimal_corrected,phase2
2025,9,2.8901734104046244,PIV,minimal_corrected,phase2
2025,10,0.0,PIV,minimal_corrected,phase2
2025,11,0.0,PIV,minimal_corrected,phase2
2019,2,,HRV,minimal_corrected,phase2
2019,3,23.214285714285715,HRV,minimal_corrected,phase2
2019,4,18.22429906542056,HRV,minimal_corrected,phase2
2019,5,19.838056680161944,HRV,minimal_corrected,phase2
2019,6,19.287833827893174,HRV,minimal_corrected,phase2
2019,7,16.707021791767556,HRV,minimal_corrected,phase2
2019,8,17.415730337078653,HRV,minimal_corrected,phase2
2019,9,21.962616822429908,HRV,minimal_corrected,phase2
2019,10,31.80327868852459,HRV,minimal_corrected,phase2
2019,11,34.15300546448087,HRV,minimal_corrected,phase2
2019,12,26.305220883534137,HRV,minimal_corrected,phase2
2020,1,13.559322033898304,HRV,minimal_corrected,phase2
2020,2,3.5331905781584587,HRV,minimal_corrected,phase2
2020,3,1.2903225806451613,HRV,minimal_corrected,phase2
2020,4,0.0,HRV,minimal_corrected,phase2
2020,5,2.312138728323699,HRV,minimal_corrected,phase2
2020,6,21.12676056338028,HRV,minimal_corrected,phase2
2020,7,20.242914979757085,HRV,minimal_corrected,phase2
2020,8,12.389380530973453,HRV,minimal_corrected,phase2
2020,9,14.17004048582996,HRV,minimal_corrected,phase2
2020,10,15.436241610738255,HRV,minimal_corrected,phase2
2020,11,11.11111111111111,HRV,minimal_corrected,phase2
2020,12,12.280701754385964,HRV,minimal_corrected,phase2
2021,1,6.390977443609022,HRV,minimal_corrected,phase2
2021,2,2.255639097744361,HRV,minimal_corrected,phase2
2021,3,7.6923076923076925,HRV,minimal_corrected,phase2
2021,4,9.137055837563452,HRV,minimal_corrected,phase2
2021,5,11.60220994475138,HRV,minimal_corrected,phase2
2021,6,10.416666666666668,HRV,minimal_corrected,phase2
2021,7,9.006211180124224,HRV,minimal_corrected,phase2
2021,8,3.636363636363636,HRV,minimal_corrected,phase2
2021,9,3.7593984962406015,HRV,minimal_corrected,phase2
2021,10,3.787878787878788,HRV,minimal_corrected,phase2
2021,11,33.92070484581498,HRV,minimal_corrected,phase2
2021,12,13.680781758957655,HRV,minimal_corrected,phase2
2022,1,13.20754716981132,HRV,minimal_corrected,phase2
2022,2,6.488549618320611,HRV,minimal_corrected,phase2
2022,3,8.979591836734693,HRV,minimal_corrected,phase2
2022,4,7.220216606498194,HRV,minimal_corrected,phase2
2022,5,11.691542288557214,HRV,minimal_corrected,phase2
2022,6,5.157593123209169,HRV,minimal_corrected,phase2
2022,7,3.614457831325301,HRV,minimal_corrected,phase2
2022,8,4.114490161001789,HRV,minimal_corrected,phase2
2022,9,8.937198067632849,HRV,minimal_corrected,phase2
2022,10,12.446351931330472,HRV,minimal_corrected,phase2
2022,11,16.95906432748538,HRV,minimal_corrected,phase2
2022,12,9.003215434083602,HRV,minimal_corrected,phase2
2023,1,1.703800786369594,HRV,minimal_corrected,phase2
2023,2,3.3472803347280333,HRV,minimal_corrected,phase2
2023,3,11.620111731843576,HRV,minimal_corrected,phase2
2023,4,8.840864440078585,HRV,minimal_corrected,phase2
2023,5,10.979228486646884,HRV,minimal_corrected,phase2
2023,6,6.039755351681957,HRV,minimal_corrected,phase2
2023,7,5.926481620405101,HRV,minimal_corrected,phase2
2023,8,7.214121258633923,HRV,minimal_corrected,phase2
2023,9,18.292011019283745,HRV,minimal_corrected,phase2
2023,10,21.19004250151791,HRV,minimal_corrected,phase2
2023,11,24.34245366284201,HRV,minimal_corrected,phase2
2023,12,15.382244143033292,HRV,minimal_corrected,phase2
2024,1,7.946026986506746,HRV,minimal_corrected,phase2
2024,2,9.15841584158416,HRV,minimal_corrected,phase2
2024,3,9.85691573926868,HRV,minimal_corrected,phase2
2024,4,8.152173913043478,HRV,minimal_corrected,phase2
2024,5,6.808510638297872,HRV,minimal_corrected,phase2
2024,6,7.6923076923076925,HRV,minimal_corrected,phase2
2024,7,6.896551724137931,HRV,minimal_corrected,phase2
2024,8,6.746031746031746,HRV,minimal_corrected,phase2
2024,9,5.855855855855856,HRV,minimal_corrected,phase2
2024,10,5.590062111801243,HRV,minimal_corrected,phase2
2024,11,10.606060606060606,HRV,minimal_corrected,phase2
2024,12,12.78538812785388,HRV,minimal_corrected,phase2
2025,1,15.402843601895736,HRV,minimal_corrected,phase2
2025,2,6.855081178592905,HRV,minimal_corrected,phase2
2025,3,15.179891572203056,HRV,minimal_corrected,phase2
2025,4,23.45309381237525,HRV,minimal_corrected,phase2
2025,5,18.19090454772613,HRV,minimal_corrected,phase2
2025,6,17.69505354411015,HRV,minimal_corrected,phase2
2025,7,12.443584784010316,HRV,minimal_corrected,phase2
2025,8,9.84251968503937,HRV,minimal_corrected,phase2
2025,9,17.36163760424564,HRV,minimal_corrected,phase2
2025,10,25.017869907076484,HRV,minimal_corrected,phase2
2025,11,29.923761118170265,HRV,minimal_corrected,phase2
2019,2,,MP,minimal_corrected,phase2
2019,3,8.928571428571429,MP,minimal_corrected,phase2
2019,4,11.682242990654206,MP,minimal_corrected,phase2
2019,5,24.291497975708506,MP,minimal_corrected,phase2
2019,6,22.25519287833828,MP,minimal_corrected,phase2
2019,7,24.69733656174334,MP,minimal_corrected,phase2
2019,8,32.89473684210527,MP,minimal_corrected,phase2
2019,9,25.93457943925233,MP,minimal_corrected,phase2
2019,10,15.737704918032788,MP,minimal_corrected,phase2
2019,11,9.58904109589041,MP,minimal_corrected,phase2
2019,12,5.421686746987952,MP,minimal_corrected,phase2
2020,1,2.216427640156454,MP,minimal_corrected,phase2
2020,2,2.2508038585209005,MP,minimal_corrected,phase2
2020,3,1.5086206896551724,MP,minimal_corrected,phase2
2020,4,0.4032258064516129,MP,minimal_corrected,phase2
2020,5,0.5780346820809248,MP,minimal_corrected,phase2
2020,6,0.9389671361502347,MP,minimal_corrected,phase2
2020,7,0.0,MP,minimal_corrected,phase2
2020,8,0.4424778761061947,MP,minimal_corrected,phase2
2020,9,0.0,MP,minimal_corrected,phase2
2020,10,2.684563758389262,MP,minimal_corrected,phase2
2020,11,0.966183574879227,MP,minimal_corrected,phase2
2020,12,0.4385964912280701,MP,minimal_corrected,phase2
2021,1,0.0,MP,minimal_corrected,phase2
2021,2,0.7518796992481203,MP,minimal_corrected,phase2
2021,3,0.5128205128205128,MP,minimal_corrected,phase2
2021,4,0.0,MP,minimal_corrected,phase2
2021,5,0.0,MP,minimal_corrected,phase2
2021,6,1.3888888888888888,MP,minimal_corrected,phase2
2021,7,1.2422360248447204,MP,minimal_corrected,phase2
2021,8,0.3636363636363636,MP,minimal_corrected,phase2
2021,9,1.5037593984962403,MP,minimal_corrected,phase2
2021,10,1.5151515151515151,MP,minimal_corrected,phase2
2021,11,0.0,MP,minimal_corrected,phase2
2021,12,0.0,MP,minimal_corrected,phase2
2022,1,0.5390835579514826,MP,minimal_corrected,phase2
2022,2,0.0,MP,minimal_corrected,phase2
2022,3,0.8163265306122449,MP,minimal_corrected,phase2
2022,4,0.9025270758122744,MP,minimal_corrected,phase2
2022,5,1.4925373134328357,MP,minimal_corrected,phase2
2022,6,1.002865329512894,MP,minimal_corrected,phase2
2022,7,2.409638554216868,MP,minimal_corrected,phase2
2022,8,4.651162790697675,MP,minimal_corrected,phase2
2022,9,2.898550724637681,MP,minimal_corrected,phase2
2022,10,4.291845493562231,MP,minimal_corrected,phase2
2022,11,1.608187134502924,MP,minimal_corrected,phase2
2022,12,2.4115755627009645,MP,minimal_corrected,phase2
2023,1,1.965923984272608,MP,minimal_corrected,phase2
2023,2,0.6276150627615062,MP,minimal_corrected,phase2
2023,3,1.899441340782123,MP,minimal_corrected,phase2
2023,4,3.045186640471513,MP,minimal_corrected,phase2
2023,5,4.673590504451038,MP,minimal_corrected,phase2
2023,6,7.262996941896024,MP,minimal_corrected,phase2
2023,7,19.05476369092273,MP,minimal_corrected,phase2
2023,8,22.870299309286263,MP,minimal_corrected,phase2
2023,9,30.303030303030305,MP,minimal_corrected,phase2
2023,10,41.19611414693382,MP,minimal_corrected,phase2
2023,11,36.75198587819947,MP,minimal_corrected,phase2
2023,12,29.254007398273732,MP,minimal_corrected,phase2
2024,1,0.7496251874062968,MP,minimal_corrected,phase2
2024,2,1.240694789081886,MP,minimal_corrected,phase2
2024,3,0.9538950715421304,MP,minimal_corrected,phase2
2024,4,1.060070671378092,MP,minimal_corrected,phase2
2024,5,0.984251968503937,MP,minimal_corrected,phase2
2024,6,1.5945330296127564,MP,minimal_corrected,phase2
2024,7,1.715686274509804,MP,minimal_corrected,phase2
2024,8,3.3457249070631967,MP,minimal_corrected,phase2
2024,9,0.0,MP,minimal_corrected,phase2
2024,10,0.5586592178770949,MP,minimal_corrected,phase2
2024,11,0.0,MP,minimal_corrected,phase2
2024,12,0.4329004329004329,MP,minimal_corrected,phase2
2025,1,3.1909901454716096,MP,minimal_corrected,phase2
2025,2,2.0771513353115725,MP,minimal_corrected,phase2
2025,3,1.4118792599805257,MP,minimal_corrected,phase2
2025,4,0.8374384236453201,MP,minimal_corrected,phase2
2025,5,0.8399209486166008,MP,minimal_corrected,phase2
2025,6,0.6542526421741319,MP,minimal_corrected,phase2
2025,7,0.4478566858605247,MP,minimal_corrected,phase2
2025,8,0.622568093385214,MP,minimal_corrected,phase2
2025,9,0.8333333333333334,MP,minimal_corrected,phase2
2025,10,1.0007147962830594,MP,minimal_corrected,phase2
2025,11,0.9529860228716646,MP,minimal_corrected,phase2
2019,2,,HMPV,minimal_corrected,phase2
2019,3,15.178571428571429,HMPV,minimal_corrected,phase2
2019,4,10.74766355140187,HMPV,minimal_corrected,phase2
2019,5,2.834008097165992,HMPV,minimal_corrected,phase2
2019,6,1.7804154302670625,HMPV,minimal_corrected,phase2
2019,7,0.7263922518159807,HMPV,minimal_corrected,phase2
2019,8,0.3759398496240601,HMPV,minimal_corrected,phase2
2019,9,0.7009345794392523,HMPV,minimal_corrected,phase2
2019,10,0.3278688524590163,HMPV,minimal_corrected,phase2
2019,11,0.0,HMPV,minimal_corrected,phase2
2019,12,0.2008032128514056,HMPV,minimal_corrected,phase2
2020,1,1.1734028683181226,HMPV,minimal_corrected,phase2
2020,2,0.3211991434689507,HMPV,minimal_corrected,phase2
2020,3,0.2150537634408602,HMPV,minimal_corrected,phase2
2020,4,0.0,HMPV,minimal_corrected,phase2
2020,5,0.0,HMPV,minimal_corrected,phase2
2020,6,0.0,HMPV,minimal_corrected,phase2
2020,7,0.4048582995951417,HMPV,minimal_corrected,phase2
2020,8,0.0,HMPV,minimal_corrected,phase2
2020,9,0.8097165991902834,HMPV,minimal_corrected,phase2
2020,10,0.6711409395973155,HMPV,minimal_corrected,phase2
2020,11,0.966183574879227,HMPV,minimal_corrected,phase2
2020,12,8.771929824561402,HMPV,minimal_corrected,phase2
2021,1,7.518796992481203,HMPV,minimal_corrected,phase2
2021,2,1.5037593984962403,HMPV,minimal_corrected,phase2
2021,3,2.051282051282051,HMPV,minimal_corrected,phase2
2021,4,0.0,HMPV,minimal_corrected,phase2
2021,5,0.0,HMPV,minimal_corrected,phase2
2021,6,0.3472222222222222,HMPV,minimal_corrected,phase2
2021,7,0.0,HMPV,minimal_corrected,phase2
2021,8,0.0,HMPV,minimal_corrected,phase2
2021,9,0.0,HMPV,minimal_corrected,phase2
2021,10,0.0,HMPV,minimal_corrected,phase2
2021,11,0.0,HMPV,minimal_corrected,phase2
2021,12,0.3257328990228013,HMPV,minimal_corrected,phase2
2022,1,0.5390835579514826,HMPV,minimal_corrected,phase2
2022,2,1.5267175572519085,HMPV,minimal_corrected,phase2
2022,3,7.142857142857142,HMPV,minimal_corrected,phase2
2022,4,5.595667870036101,HMPV,minimal_corrected,phase2
2022,5,8.45771144278607,HMPV,minimal_corrected,phase2
2022,6,7.4498567335243555,HMPV,minimal_corrected,phase2
2022,7,3.1626506024096384,HMPV,minimal_corrected,phase2
2022,8,1.2522361359570662,HMPV,minimal_corrected,phase2
2022,9,1.207729468599034,HMPV,minimal_corrected,phase2
2022,10,0.2145922746781116,HMPV,minimal_corrected,phase2
2022,11,0.2928257686676427,HMPV,minimal_corrected,phase2
2022,12,0.487012987012987,HMPV,minimal_corrected,phase2
2023,1,0.0,HMPV,minimal_corrected,phase2
2023,2,0.0,HMPV,minimal_corrected,phase2
2023,3,0.0,HMPV,minimal_corrected,phase2
2023,4,0.3179650238473768,HMPV,minimal_corrected,phase2
2023,5,0.938337801608579,HMPV,minimal_corrected,phase2
2023,6,1.919385796545105,HMPV,minimal_corrected,phase2
2023,7,1.1764705882352942,HMPV,minimal_corrected,phase2
2023,8,0.8547008547008548,HMPV,minimal_corrected,phase2
2023,9,1.98019801980198,HMPV,minimal_corrected,phase2
2023,10,1.2875536480686696,HMPV,minimal_corrected,phase2
2023,11,2.389078498293516,HMPV,minimal_corrected,phase2
2023,12,1.1574074074074074,HMPV,minimal_corrected,phase2
2024,1,3.598200899550225,HMPV,minimal_corrected,phase2
2024,2,6.188118811881188,HMPV,minimal_corrected,phase2
2024,3,3.656597774244833,HMPV,minimal_corrected,phase2
2024,4,0.9057971014492754,HMPV,minimal_corrected,phase2
2024,5,1.276595744680851,HMPV,minimal_corrected,phase2
2024,6,0.4807692307692308,HMPV,minimal_corrected,phase2
2024,7,0.267379679144385,HMPV,minimal_corrected,phase2
2024,8,0.3968253968253968,HMPV,minimal_corrected,phase2
2024,9,0.0,HMPV,minimal_corrected,phase2
2024,10,0.625,HMPV,minimal_corrected,phase2
2024,11,0.0,HMPV,minimal_corrected,phase2
2024,12,0.91324200913242,HMPV,minimal_corrected,phase2
2025,1,0.4878048780487805,HMPV,minimal_corrected,phase2
2025,2,0.0,HMPV,minimal_corrected,phase2
2025,3,4.117647058823529,HMPV,minimal_corrected,phase2
2025,4,12.08053691275168,HMPV,minimal_corrected,phase2
2025,5,0.9345794392523364,HMPV,minimal_corrected,phase2
2025,6,0.5555555555555556,HMPV,minimal_corrected,phase2
2025,7,0.0,HMPV,minimal_corrected,phase2
2025,8,0.0,HMPV,minimal_corrected,phase2
2025,9,1.744186046511628,HMPV,minimal_corrected,phase2
2025,10,1.8867924528301887,HMPV,minimal_corrected,phase2
2025,11,0.7692307692307693,HMPV,minimal_corrected,phase2
2019,2,,HBOV,minimal_corrected,phase2
2019,3,0.0,HBOV,minimal_corrected,phase2
2019,4,0.0,HBOV,minimal_corrected,phase2
2019,5,0.4048582995951417,HBOV,minimal_corrected,phase2
2019,6,0.2967359050445104,HBOV,minimal_corrected,phase2
2019,7,2.663438256658596,HBOV,minimal_corrected,phase2
2019,8,2.621722846441948,HBOV,minimal_corrected,phase2
2019,9,3.504672897196261,HBOV,minimal_corrected,phase2
2019,10,3.934426229508197,HBOV,minimal_corrected,phase2
2019,11,4.657534246575342,HBOV,minimal_corrected,phase2
2019,12,3.614457831325301,HBOV,minimal_corrected,phase2
2020,1,1.1734028683181226,HBOV,minimal_corrected,phase2
2020,2,0.2141327623126338,HBOV,minimal_corrected,phase2
2020,3,0.2150537634408602,HBOV,minimal_corrected,phase2
2020,4,0.4,HBOV,minimal_corrected,phase2
2020,5,0.0,HBOV,minimal_corrected,phase2
2020,6,0.4694835680751174,HBOV,minimal_corrected,phase2
2020,7,0.0,HBOV,minimal_corrected,phase2
2020,8,0.0,HBOV,minimal_corrected,phase2
2020,9,0.0,HBOV,minimal_corrected,phase2
2020,10,1.342281879194631,HBOV,minimal_corrected,phase2
2020,11,1.4492753623188406,HBOV,minimal_corrected,phase2
2020,12,4.824561403508771,HBOV,minimal_corrected,phase2
2021,1,1.1278195488721805,HBOV,minimal_corrected,phase2
2021,2,0.0,HBOV,minimal_corrected,phase2
2021,3,1.0256410256410255,HBOV,minimal_corrected,phase2
2021,4,0.0,HBOV,minimal_corrected,phase2
2021,5,0.5524861878453038,HBOV,minimal_corrected,phase2
2021,6,2.083333333333333,HBOV,minimal_corrected,phase2
2021,7,2.1739130434782608,HBOV,minimal_corrected,phase2
2021,8,0.7272727272727273,HBOV,minimal_corrected,phase2
2021,9,0.0,HBOV,minimal_corrected,phase2
2021,10,0.7575757575757576,HBOV,minimal_corrected,phase2
2021,11,0.0,HBOV,minimal_corrected,phase2
2021,12,0.3257328990228013,HBOV,minimal_corrected,phase2
2022,1,0.2695417789757413,HBOV,minimal_corrected,phase2
2022,2,0.381679389312977,HBOV,minimal_corrected,phase2
2022,3,0.4081632653061224,HBOV,minimal_corrected,phase2
2022,4,0.7220216606498195,HBOV,minimal_corrected,phase2
2022,5,0.2487562189054726,HBOV,minimal_corrected,phase2
2022,6,1.002865329512894,HBOV,minimal_corrected,phase2
2022,7,1.6566265060240966,HBOV,minimal_corrected,phase2
2022,8,1.4311270125223614,HBOV,minimal_corrected,phase2
2022,9,2.657004830917874,HBOV,minimal_corrected,phase2
2022,10,3.648068669527897,HBOV,minimal_corrected,phase2
2022,11,3.3625730994152043,HBOV,minimal_corrected,phase2
2022,12,2.5974025974025974,HBOV,minimal_corrected,phase2
2023,1,0.3942181340341655,HBOV,minimal_corrected,phase2
2023,2,0.0,HBOV,minimal_corrected,phase2
2023,3,0.1342281879194631,HBOV,minimal_corrected,phase2
2023,4,0.3179650238473768,HBOV,minimal_corrected,phase2
2023,5,0.0,HBOV,minimal_corrected,phase2
2023,6,0.9596928982725528,HBOV,minimal_corrected,phase2
2023,7,0.0,HBOV,minimal_corrected,phase2
2023,8,0.2849002849002849,HBOV,minimal_corrected,phase2
2023,9,0.0,HBOV,minimal_corrected,phase2
2023,10,0.4291845493562232,HBOV,minimal_corrected,phase2
2023,11,0.6825938566552902,HBOV,minimal_corrected,phase2
2023,12,0.2314814814814814,HBOV,minimal_corrected,phase2
2024,1,0.0,HBOV,minimal_corrected,phase2
2024,2,0.2481389578163771,HBOV,minimal_corrected,phase2
2024,3,0.1589825119236884,HBOV,minimal_corrected,phase2
2024,4,0.0,HBOV,minimal_corrected,phase2
2024,5,0.2127659574468085,HBOV,minimal_corrected,phase2
2024,6,0.0,HBOV,minimal_corrected,phase2
2024,7,0.0,HBOV,minimal_corrected,phase2
2024,8,0.7936507936507936,HBOV,minimal_corrected,phase2
2024,9,0.0,HBOV,minimal_corrected,phase2
2024,10,1.25,HBOV,minimal_corrected,phase2
2024,11,1.5151515151515151,HBOV,minimal_corrected,phase2
2024,12,0.0,HBOV,minimal_corrected,phase2
2025,1,0.0,HBOV,minimal_corrected,phase2
2025,2,0.0,HBOV,minimal_corrected,phase2
2025,3,0.0,HBOV,minimal_corrected,phase2
2025,4,0.0,HBOV,minimal_corrected,phase2
2025,5,0.0,HBOV,minimal_corrected,phase2
2025,6,0.0,HBOV,minimal_corrected,phase2
2025,7,0.5882352941176471,HBOV,minimal_corrected,phase2
2025,8,1.3793103448275863,HBOV,minimal_corrected,phase2
2025,9,1.162790697674419,HBOV,minimal_corrected,phase2
2025,10,0.0,HBOV,minimal_corrected,phase2
2025,11,1.5384615384615383,HBOV,minimal_corrected,phase2
