Age_Group,rate_display_pct,virus,branch,phase
<1,0.5495449081229606,FluA,minimal_corrected,phase1
1-3,0.7010515773660491,FluA,minimal_corrected,phase1
4-12,0.6160164271047228,FluA,minimal_corrected,phase1
13-17,0.0,FluA,minimal_corrected,phase1
18-44,0.0,FluA,minimal_corrected,phase1
45-59,0.3367003367003366,FluA,minimal_corrected,phase1
60-74,0.0,FluA,minimal_corrected,phase1
75-89,0.0,FluA,minimal_corrected,phase1
>=90,0.0,FluA,minimal_corrected,phase1
<1,0.1202129486518976,FluB,minimal_corrected,phase1
1-3,0.2253380070105158,FluB,minimal_corrected,phase1
4-12,0.2053388090349076,FluB,minimal_corrected,phase1
13-17,0.0,FluB,minimal_corrected,phase1
18-44,0.2710027100271002,FluB,minimal_corrected,phase1
45-59,0.0,FluB,minimal_corrected,phase1
60-74,0.1121076233183856,FluB,minimal_corrected,phase1
75-89,0.0566251415628539,FluB,minimal_corrected,phase1
>=90,0.0,FluB,minimal_corrected,phase1
<1,10.647432594882362,RSV,minimal_corrected,phase1
1-3,3.9559339008512766,RSV,minimal_corrected,phase1
4-12,0.5338809034907598,RSV,minimal_corrected,phase1
13-17,0.0,RSV,minimal_corrected,phase1
18-44,0.1355013550135501,RSV,minimal_corrected,phase1
45-59,0.0,RSV,minimal_corrected,phase1
60-74,0.2242152466367713,RSV,minimal_corrected,phase1
75-89,0.1132502831257078,RSV,minimal_corrected,phase1
>=90,0.0,RSV,minimal_corrected,phase1
<1,0.429331959471063,ADV,minimal_corrected,phase1
1-3,0.8262393590385578,ADV,minimal_corrected,phase1
4-12,0.8213552361396305,ADV,minimal_corrected,phase1
13-17,0.5617977528089888,ADV,minimal_corrected,phase1
18-44,0.0,ADV,minimal_corrected,phase1
45-59,0.0,ADV,minimal_corrected,phase1
60-74,0.0,ADV,minimal_corrected,phase1
75-89,0.0,ADV,minimal_corrected,phase1
>=90,0.0,ADV,minimal_corrected,phase1
<1,0.0858663918942126,PIV1,minimal_corrected,phase1
1-3,0.2503755633450175,PIV1,minimal_corrected,phase1
4-12,0.082135523613963,PIV1,minimal_corrected,phase1
13-17,0.0,PIV1,minimal_corrected,phase1
18-44,0.0,PIV1,minimal_corrected,phase1
45-59,0.1683501683501683,PIV1,minimal_corrected,phase1
60-74,0.0,PIV1,minimal_corrected,phase1
75-89,0.0,PIV1,minimal_corrected,phase1
>=90,0.0,PIV1,minimal_corrected,phase1
<1,0.0515198351365275,PIV2,minimal_corrected,phase1
1-3,0.0751126690035052,PIV2,minimal_corrected,phase1
4-12,0.0,PIV2,minimal_corrected,phase1
13-17,0.0,PIV2,minimal_corrected,phase1
18-44,0.0,PIV2,minimal_corrected,phase1
45-59,0.0,PIV2,minimal_corrected,phase1
60-74,0.0,PIV2,minimal_corrected,phase1
75-89,0.0,PIV2,minimal_corrected,phase1
>=90,0.0,PIV2,minimal_corrected,phase1
<1,0.4637581587083476,PIV3,minimal_corrected,phase1
1-3,0.2754131196795193,PIV3,minimal_corrected,phase1
4-12,0.0,PIV3,minimal_corrected,phase1
13-17,0.0,PIV3,minimal_corrected,phase1
18-44,0.0,PIV3,minimal_corrected,phase1
45-59,0.0,PIV3,minimal_corrected,phase1
60-74,0.1121076233183856,PIV3,minimal_corrected,phase1
75-89,0.0,PIV3,minimal_corrected,phase1
>=90,0.0,PIV3,minimal_corrected,phase1
<1,0.6010647432594882,PIV,minimal_corrected,phase1
1-3,0.6009013520280421,PIV,minimal_corrected,phase1
4-12,0.082135523613963,PIV,minimal_corrected,phase1
13-17,0.0,PIV,minimal_corrected,phase1
18-44,0.0,PIV,minimal_corrected,phase1
45-59,0.1683501683501683,PIV,minimal_corrected,phase1
60-74,0.1121076233183856,PIV,minimal_corrected,phase1
75-89,0.0,PIV,minimal_corrected,phase1
>=90,0.0,PIV,minimal_corrected,phase1
<1,3.440069234097793,FluA,minimal_corrected,phase2
1-3,7.2346938775510194,FluA,minimal_corrected,phase2
4-12,24.359718727824013,FluA,minimal_corrected,phase2
13-17,32.720806164789565,FluA,minimal_corrected,phase2
18-44,14.69465648854962,FluA,minimal_corrected,phase2
45-59,8.5209872095118,FluA,minimal_corrected,phase2
60-74,7.766538774561098,FluA,minimal_corrected,phase2
75-89,4.790337902021984,FluA,minimal_corrected,phase2
>=90,1.5901938048699684,FluA,minimal_corrected,phase2
<1,0.9086975335352662,FluB,minimal_corrected,phase2
1-3,2.020408163265306,FluB,minimal_corrected,phase2
4-12,10.74124250048384,FluB,minimal_corrected,phase2
13-17,13.930053349140486,FluB,minimal_corrected,phase2
18-44,4.286706004859424,FluB,minimal_corrected,phase2
45-59,1.2250045036930284,FluB,minimal_corrected,phase2
60-74,0.8489359227817189,FluB,minimal_corrected,phase2
75-89,0.4206812321888994,FluB,minimal_corrected,phase2
>=90,0.2153387444094749,FluB,minimal_corrected,phase2
<1,23.62613587191692,RSV,minimal_corrected,phase2
1-3,19.33476175900418,RSV,minimal_corrected,phase2
4-12,3.8449132314044254,RSV,minimal_corrected,phase2
13-17,1.3033175355450235,RSV,minimal_corrected,phase2
18-44,0.8526187576126675,RSV,minimal_corrected,phase2
45-59,0.9410061527325372,RSV,minimal_corrected,phase2
60-74,1.680672268907563,RSV,minimal_corrected,phase2
75-89,1.0331702011963024,RSV,minimal_corrected,phase2
>=90,0.8450704225352111,RSV,minimal_corrected,phase2
<1,3.561526978033696,ADV,minimal_corrected,phase2
1-3,10.806014756701224,ADV,minimal_corrected,phase2
4-12,11.513639568306306,ADV,minimal_corrected,phase2
13-17,4.249667994687915,ADV,minimal_corrected,phase2
18-44,1.9047619047619049,ADV,minimal_corrected,phase2
45-59,1.4991005396761945,ADV,minimal_corrected,phase2
60-74,1.0886270491803278,ADV,minimal_corrected,phase2
75-89,0.6529453513129879,ADV,minimal_corrected,phase2
>=90,0.417641162712997,ADV,minimal_corrected,phase2
<1,8.157319737800437,PIV,minimal_corrected,phase2
1-3,8.41645885286783,PIV,minimal_corrected,phase2
4-12,4.258390472753519,PIV,minimal_corrected,phase2
13-17,1.36986301369863,PIV,minimal_corrected,phase2
18-44,1.0668855149774312,PIV,minimal_corrected,phase2
45-59,1.3913663931501965,PIV,minimal_corrected,phase2
60-74,1.4311676510676965,PIV,minimal_corrected,phase2
75-89,1.0258433616097848,PIV,minimal_corrected,phase2
>=90,0.589622641509434,PIV,minimal_corrected,phase2
<1,21.5962441314554,HRV,minimal_corrected,phase2
1-3,26.86846038863976,HRV,minimal_corrected,phase2
4-12,21.824793747286147,HRV,minimal_corrected,phase2
13-17,11.584553928095872,HRV,minimal_corrected,phase2
18-44,7.74374460742019,HRV,minimal_corrected,phase2
45-59,5.750863645600488,HRV,minimal_corrected,phase2
60-74,6.336659323571336,HRV,minimal_corrected,phase2
75-89,4.263233190271817,HRV,minimal_corrected,phase2
>=90,2.9264214046822743,HRV,minimal_corrected,phase2
<1,3.539445628997868,MP,minimal_corrected,phase2
1-3,11.84493227463802,MP,minimal_corrected,phase2
4-12,31.592363596919405,MP,minimal_corrected,phase2
13-17,10.358565737051793,MP,minimal_corrected,phase2
18-44,4.422344477359289,MP,minimal_corrected,phase2
45-59,1.279744051189762,MP,minimal_corrected,phase2
60-74,0.7941590879979507,MP,minimal_corrected,phase2
75-89,0.5390835579514826,MP,minimal_corrected,phase2
>=90,0.417641162712997,MP,minimal_corrected,phase2
<1,2.7716994894237783,HMPV,minimal_corrected,phase2
1-3,4.903185509056839,HMPV,minimal_corrected,phase2
4-12,2.8281363306744014,HMPV,minimal_corrected,phase2
13-17,1.662049861495845,HMPV,minimal_corrected,phase2
18-44,1.1869436201780417,HMPV,minimal_corrected,phase2
45-59,1.3548150860490664,HMPV,minimal_corrected,phase2
60-74,1.2009237875288683,HMPV,minimal_corrected,phase2
75-89,0.8567443713887228,HMPV,minimal_corrected,phase2
>=90,0.4329004329004329,HMPV,minimal_corrected,phase2
<1,1.859278162595698,HBOV,minimal_corrected,phase2
1-3,5.68039950062422,HBOV,minimal_corrected,phase2
4-12,0.7251631617113851,HBOV,minimal_corrected,phase2
13-17,0.2770083102493075,HBOV,minimal_corrected,phase2
18-44,0.1695633743111488,HBOV,minimal_corrected,phase2
45-59,0.0732600732600732,HBOV,minimal_corrected,phase2
60-74,0.161662817551963,HBOV,minimal_corrected,phase2
75-89,0.0996214385335724,HBOV,minimal_corrected,phase2
>=90,0.0983864620228256,HBOV,minimal_corrected,phase2
