Year,Month,Age_Group,rate_display_pct,branch
2019,2,<1,0.0,minimal_corrected
2019,2,1-3,0.0,minimal_corrected
2019,2,18-44,0.0,minimal_corrected
2019,2,45-59,0.0,minimal_corrected
2019,2,60-74,0.0,minimal_corrected
2019,3,<1,0.0,minimal_corrected
2019,3,1-3,21.428571428571427,minimal_corrected
2019,3,4-12,4.0,minimal_corrected
2019,3,13-17,0.0,minimal_corrected
2019,3,18-44,7.6923076923076925,minimal_corrected
2019,3,45-59,8.333333333333332,minimal_corrected
2019,3,60-74,0.0,minimal_corrected
2019,3,75-89,0.0,minimal_corrected
2019,4,<1,17.647058823529413,minimal_corrected
2019,4,1-3,24.59016393442623,minimal_corrected
2019,4,4-12,15.254237288135592,minimal_corrected
2019,4,13-17,20.0,minimal_corrected
2019,4,18-44,0.0,minimal_corrected
2019,4,45-59,0.0,minimal_corrected
2019,4,60-74,0.0,minimal_corrected
2019,4,75-89,0.0,minimal_corrected
2019,4,>=90,0.0,minimal_corrected
2019,5,<1,27.27272727272727,minimal_corrected
2019,5,1-3,31.88405797101449,minimal_corrected
2019,5,4-12,28.72340425531916,minimal_corrected
2019,5,13-17,33.33333333333333,minimal_corrected
2019,5,18-44,0.0,minimal_corrected
2019,5,45-59,0.0,minimal_corrected
2019,5,60-74,0.0,minimal_corrected
2019,5,75-89,5.263157894736842,minimal_corrected
2019,5,>=90,0.0,minimal_corrected
2019,6,<1,8.064516129032258,minimal_corrected
2019,6,1-3,25.55555555555556,minimal_corrected
2019,6,4-12,26.89075630252101,minimal_corrected
2019,6,13-17,0.0,minimal_corrected
2019,6,18-44,0.0,minimal_corrected
2019,6,45-59,0.0,minimal_corrected
2019,6,60-74,0.0,minimal_corrected
2019,6,75-89,0.0,minimal_corrected
2019,6,>=90,11.11111111111111,minimal_corrected
2019,7,<1,11.76470588235294,minimal_corrected
2019,7,1-3,32.5,minimal_corrected
2019,7,4-12,17.449664429530202,minimal_corrected
2019,7,13-17,0.0,minimal_corrected
2019,7,18-44,0.0,minimal_corrected
2019,7,45-59,25.0,minimal_corrected
2019,7,60-74,15.384615384615383,minimal_corrected
2019,7,75-89,0.0,minimal_corrected
2019,7,>=90,0.0,minimal_corrected
2019,8,<1,10.714285714285714,minimal_corrected
2019,8,1-3,35.84905660377358,minimal_corrected
2019,8,4-12,24.17582417582417,minimal_corrected
2019,8,13-17,0.0,minimal_corrected
2019,8,18-44,16.666666666666664,minimal_corrected
2019,8,45-59,0.0,minimal_corrected
2019,8,60-74,0.0,minimal_corrected
2019,8,75-89,0.0,minimal_corrected
2019,8,>=90,0.0,minimal_corrected
2019,9,<1,16.666666666666664,minimal_corrected
2019,9,1-3,28.735632183908045,minimal_corrected
2019,9,4-12,12.096774193548388,minimal_corrected
2019,9,13-17,0.0,minimal_corrected
2019,9,18-44,0.0,minimal_corrected
2019,9,45-59,0.0,minimal_corrected
2019,9,60-74,5.88235294117647,minimal_corrected
2019,9,75-89,0.0,minimal_corrected
2019,9,>=90,0.0,minimal_corrected
2019,10,<1,22.388059701492537,minimal_corrected
2019,10,1-3,12.5,minimal_corrected
2019,10,4-12,14.942528735632186,minimal_corrected
2019,10,13-17,0.0,minimal_corrected
2019,10,18-44,0.0,minimal_corrected
2019,10,45-59,0.0,minimal_corrected
2019,10,60-74,0.0,minimal_corrected
2019,10,75-89,0.0,minimal_corrected
2019,10,>=90,0.0,minimal_corrected
2019,11,<1,17.333333333333336,minimal_corrected
2019,11,1-3,18.69158878504673,minimal_corrected
2019,11,4-12,9.523809523809524,minimal_corrected
2019,11,13-17,0.0,minimal_corrected
2019,11,18-44,0.0,minimal_corrected
2019,11,45-59,0.0,minimal_corrected
2019,11,60-74,0.0,minimal_corrected
2019,11,75-89,0.0,minimal_corrected
2019,11,>=90,0.0,minimal_corrected
2019,12,<1,16.23931623931624,minimal_corrected
2019,12,1-3,14.925373134328357,minimal_corrected
2019,12,4-12,10.0,minimal_corrected
2019,12,13-17,20.0,minimal_corrected
2019,12,18-44,9.090909090909092,minimal_corrected
2019,12,45-59,0.0,minimal_corrected
2019,12,60-74,0.0,minimal_corrected
2019,12,75-89,0.0,minimal_corrected
2019,12,>=90,0.0,minimal_corrected
2020,1,<1,10.576923076923077,minimal_corrected
2020,1,1-3,19.021739130434785,minimal_corrected
2020,1,4-12,9.929078014184398,minimal_corrected
2020,1,13-17,0.0,minimal_corrected
2020,1,18-44,2.380952380952381,minimal_corrected
2020,1,45-59,5.555555555555555,minimal_corrected
2020,1,60-74,0.0,minimal_corrected
2020,1,75-89,1.2345679012345678,minimal_corrected
2020,1,>=90,0.0,minimal_corrected
2020,2,<1,7.6923076923076925,minimal_corrected
2020,2,1-3,1.4705882352941175,minimal_corrected
2020,2,4-12,1.639344262295082,minimal_corrected
2020,2,13-17,0.0,minimal_corrected
2020,2,18-44,1.4492753623188406,minimal_corrected
2020,2,45-59,0.0,minimal_corrected
2020,2,60-74,0.0,minimal_corrected
2020,2,75-89,0.0,minimal_corrected
2020,2,>=90,0.0,minimal_corrected
2020,3,<1,0.0,minimal_corrected
2020,3,1-3,0.0,minimal_corrected
2020,3,4-12,0.0,minimal_corrected
2020,3,13-17,0.0,minimal_corrected
2020,3,18-44,0.0,minimal_corrected
2020,3,45-59,0.0,minimal_corrected
2020,3,60-74,0.0,minimal_corrected
2020,3,75-89,0.0,minimal_corrected
2020,3,>=90,0.0,minimal_corrected
2020,4,<1,0.0,minimal_corrected
2020,4,1-3,0.0,minimal_corrected
2020,4,4-12,0.0,minimal_corrected
2020,4,13-17,0.0,minimal_corrected
2020,4,18-44,0.0,minimal_corrected
2020,4,45-59,0.0,minimal_corrected
2020,4,60-74,0.0,minimal_corrected
2020,4,75-89,0.0,minimal_corrected
2020,4,>=90,0.0,minimal_corrected
2020,5,<1,0.0,minimal_corrected
2020,5,1-3,0.0,minimal_corrected
2020,5,4-12,0.0,minimal_corrected
2020,5,13-17,0.0,minimal_corrected
2020,5,18-44,0.0,minimal_corrected
2020,5,45-59,0.0,minimal_corrected
2020,5,60-74,0.0,minimal_corrected
2020,5,75-89,0.0,minimal_corrected
2020,5,>=90,0.0,minimal_corrected
2020,6,<1,0.0,minimal_corrected
2020,6,1-3,2.7777777777777777,minimal_corrected
2020,6,4-12,0.0,minimal_corrected
2020,6,13-17,0.0,minimal_corrected
2020,6,18-44,0.0,minimal_corrected
2020,6,45-59,0.0,minimal_corrected
2020,6,60-74,0.0,minimal_corrected
2020,6,75-89,0.0,minimal_corrected
2020,6,>=90,0.0,minimal_corrected
2020,7,<1,0.0,minimal_corrected
2020,7,1-3,0.0,minimal_corrected
2020,7,4-12,0.0,minimal_corrected
2020,7,13-17,0.0,minimal_corrected
2020,7,18-44,0.0,minimal_corrected
2020,7,45-59,0.0,minimal_corrected
2020,7,60-74,0.0,minimal_corrected
2020,7,75-89,0.0,minimal_corrected
2020,7,>=90,0.0,minimal_corrected
2020,8,<1,0.0,minimal_corrected
2020,8,1-3,0.0,minimal_corrected
2020,8,4-12,9.090909090909092,minimal_corrected
2020,8,13-17,0.0,minimal_corrected
2020,8,18-44,0.0,minimal_corrected
2020,8,45-59,0.0,minimal_corrected
2020,8,60-74,0.0,minimal_corrected
2020,8,75-89,0.0,minimal_corrected
2020,8,>=90,0.0,minimal_corrected
2020,9,<1,7.894736842105263,minimal_corrected
2020,9,1-3,12.195121951219512,minimal_corrected
2020,9,4-12,4.0,minimal_corrected
2020,9,13-17,0.0,minimal_corrected
2020,9,18-44,5.88235294117647,minimal_corrected
2020,9,45-59,0.0,minimal_corrected
2020,9,60-74,0.0,minimal_corrected
2020,9,75-89,0.0,minimal_corrected
2020,9,>=90,0.0,minimal_corrected
2020,10,<1,9.67741935483871,minimal_corrected
2020,10,1-3,23.07692307692308,minimal_corrected
2020,10,4-12,9.090909090909092,minimal_corrected
2020,10,13-17,0.0,minimal_corrected
2020,10,18-44,14.285714285714285,minimal_corrected
2020,10,45-59,9.090909090909092,minimal_corrected
2020,10,60-74,0.0,minimal_corrected
2020,10,75-89,0.0,minimal_corrected
2020,10,>=90,0.0,minimal_corrected
2020,11,<1,18.51851851851852,minimal_corrected
2020,11,1-3,23.684210526315788,minimal_corrected
2020,11,4-12,0.0,minimal_corrected
2020,11,13-17,0.0,minimal_corrected
2020,11,18-44,0.0,minimal_corrected
2020,11,45-59,0.0,minimal_corrected
2020,11,60-74,0.0,minimal_corrected
2020,11,75-89,0.0,minimal_corrected
2020,11,>=90,0.0,minimal_corrected
2020,12,<1,21.052631578947366,minimal_corrected
2020,12,1-3,20.51282051282051,minimal_corrected
2020,12,4-12,16.666666666666664,minimal_corrected
2020,12,13-17,0.0,minimal_corrected
2020,12,18-44,0.0,minimal_corrected
2020,12,45-59,0.0,minimal_corrected
2020,12,60-74,0.0,minimal_corrected
2020,12,75-89,1.7543859649122806,minimal_corrected
2020,12,>=90,0.0,minimal_corrected
2021,1,<1,0.0,minimal_corrected
2021,1,1-3,15.0,minimal_corrected
2021,1,4-12,6.25,minimal_corrected
2021,1,13-17,0.0,minimal_corrected
2021,1,18-44,5.88235294117647,minimal_corrected
2021,1,45-59,0.0,minimal_corrected
2021,1,60-74,0.0,minimal_corrected
2021,1,75-89,0.0,minimal_corrected
2021,1,>=90,0.0,minimal_corrected
2021,2,<1,0.0,minimal_corrected
2021,2,1-3,12.5,minimal_corrected
2021,2,4-12,0.0,minimal_corrected
2021,2,13-17,0.0,minimal_corrected
2021,2,18-44,0.0,minimal_corrected
2021,2,45-59,0.0,minimal_corrected
2021,2,60-74,0.0,minimal_corrected
2021,2,75-89,0.0,minimal_corrected
2021,2,>=90,0.0,minimal_corrected
2021,3,<1,0.0,minimal_corrected
2021,3,1-3,21.428571428571427,minimal_corrected
2021,3,4-12,10.0,minimal_corrected
2021,3,13-17,0.0,minimal_corrected
2021,3,18-44,0.0,minimal_corrected
2021,3,45-59,0.0,minimal_corrected
2021,3,60-74,0.0,minimal_corrected
2021,3,75-89,0.0,minimal_corrected
2021,3,>=90,0.0,minimal_corrected
2021,4,<1,0.0,minimal_corrected
2021,4,1-3,0.0,minimal_corrected
2021,4,4-12,11.11111111111111,minimal_corrected
2021,4,13-17,0.0,minimal_corrected
2021,4,18-44,0.0,minimal_corrected
2021,4,45-59,0.0,minimal_corrected
2021,4,60-74,0.0,minimal_corrected
2021,4,75-89,0.0,minimal_corrected
2021,4,>=90,0.0,minimal_corrected
2021,5,<1,4.761904761904762,minimal_corrected
2021,5,1-3,13.636363636363637,minimal_corrected
2021,5,4-12,10.0,minimal_corrected
2021,5,13-17,0.0,minimal_corrected
2021,5,18-44,0.0,minimal_corrected
2021,5,45-59,0.0,minimal_corrected
2021,5,60-74,0.0,minimal_corrected
2021,5,75-89,0.0,minimal_corrected
2021,5,>=90,0.0,minimal_corrected
2021,6,<1,11.475409836065571,minimal_corrected
2021,6,1-3,7.272727272727272,minimal_corrected
2021,6,4-12,10.0,minimal_corrected
2021,6,18-44,0.0,minimal_corrected
2021,6,45-59,0.0,minimal_corrected
2021,6,60-74,0.0,minimal_corrected
2021,6,75-89,0.0,minimal_corrected
2021,6,>=90,0.0,minimal_corrected
2021,7,<1,10.588235294117649,minimal_corrected
2021,7,1-3,14.666666666666666,minimal_corrected
2021,7,4-12,14.814814814814811,minimal_corrected
2021,7,13-17,0.0,minimal_corrected
2021,7,18-44,0.0,minimal_corrected
2021,7,45-59,0.0,minimal_corrected
2021,7,60-74,0.0,minimal_corrected
2021,7,75-89,0.0,minimal_corrected
2021,7,>=90,0.0,minimal_corrected
2021,8,<1,1.4285714285714286,minimal_corrected
2021,8,1-3,6.122448979591836,minimal_corrected
2021,8,4-12,0.0,minimal_corrected
2021,8,13-17,0.0,minimal_corrected
2021,8,18-44,0.0,minimal_corrected
2021,8,45-59,0.0,minimal_corrected
2021,8,60-74,0.0,minimal_corrected
2021,8,75-89,0.0,minimal_corrected
2021,8,>=90,0.0,minimal_corrected
2021,9,<1,4.3478260869565215,minimal_corrected
2021,9,1-3,0.0,minimal_corrected
2021,9,4-12,0.0,minimal_corrected
2021,9,18-44,0.0,minimal_corrected
2021,9,45-59,0.0,minimal_corrected
2021,9,60-74,0.0,minimal_corrected
2021,9,75-89,0.0,minimal_corrected
2021,9,>=90,0.0,minimal_corrected
2021,10,<1,0.0,minimal_corrected
2021,10,1-3,0.0,minimal_corrected
2021,10,4-12,0.0,minimal_corrected
2021,10,13-17,0.0,minimal_corrected
2021,10,18-44,0.0,minimal_corrected
2021,10,45-59,0.0,minimal_corrected
2021,10,60-74,0.0,minimal_corrected
2021,10,75-89,0.0,minimal_corrected
2021,10,>=90,2.2222222222222223,minimal_corrected
2021,11,<1,2.857142857142857,minimal_corrected
2021,11,1-3,3.571428571428571,minimal_corrected
2021,11,4-12,3.4482758620689653,minimal_corrected
2021,11,13-17,0.0,minimal_corrected
2021,11,18-44,0.0,minimal_corrected
2021,11,45-59,0.0,minimal_corrected
2021,11,60-74,0.0,minimal_corrected
2021,11,75-89,0.0,minimal_corrected
2021,11,>=90,0.0,minimal_corrected
2021,12,<1,0.0,minimal_corrected
2021,12,1-3,9.375,minimal_corrected
2021,12,4-12,3.0303030303030303,minimal_corrected
2021,12,13-17,0.0,minimal_corrected
2021,12,18-44,0.0,minimal_corrected
2021,12,45-59,0.0,minimal_corrected
2021,12,60-74,0.0,minimal_corrected
2021,12,75-89,0.0,minimal_corrected
2021,12,>=90,0.0,minimal_corrected
2022,1,<1,5.0,minimal_corrected
2022,1,1-3,9.30232558139535,minimal_corrected
2022,1,4-12,4.918032786885246,minimal_corrected
2022,1,13-17,0.0,minimal_corrected
2022,1,18-44,0.0,minimal_corrected
2022,1,45-59,0.0,minimal_corrected
2022,1,60-74,0.0,minimal_corrected
2022,1,75-89,0.0,minimal_corrected
2022,1,>=90,0.0,minimal_corrected
2022,2,<1,7.142857142857142,minimal_corrected
2022,2,1-3,3.225806451612903,minimal_corrected
2022,2,4-12,0.0,minimal_corrected
2022,2,13-17,0.0,minimal_corrected
2022,2,18-44,0.0,minimal_corrected
2022,2,45-59,0.0,minimal_corrected
2022,2,60-74,0.0,minimal_corrected
2022,2,75-89,0.0,minimal_corrected
2022,2,>=90,0.0,minimal_corrected
2022,3,<1,9.25925925925926,minimal_corrected
2022,3,1-3,14.285714285714285,minimal_corrected
2022,3,4-12,4.444444444444445,minimal_corrected
2022,3,13-17,0.0,minimal_corrected
2022,3,18-44,1.96078431372549,minimal_corrected
2022,3,45-59,0.0,minimal_corrected
2022,3,60-74,2.941176470588235,minimal_corrected
2022,3,75-89,0.0,minimal_corrected
2022,3,>=90,0.0,minimal_corrected
2022,4,<1,4.545454545454546,minimal_corrected
2022,4,1-3,6.976744186046512,minimal_corrected
2022,4,4-12,2.5,minimal_corrected
2022,4,13-17,0.0,minimal_corrected
2022,4,18-44,0.0,minimal_corrected
2022,4,45-59,0.0,minimal_corrected
2022,4,60-74,0.0,minimal_corrected
2022,4,75-89,1.4084507042253522,minimal_corrected
2022,4,>=90,0.0,minimal_corrected
2022,5,<1,3.0303030303030303,minimal_corrected
2022,5,1-3,6.666666666666667,minimal_corrected
2022,5,4-12,5.88235294117647,minimal_corrected
2022,5,13-17,0.0,minimal_corrected
2022,5,18-44,0.0,minimal_corrected
2022,5,45-59,0.0,minimal_corrected
2022,5,60-74,0.0,minimal_corrected
2022,5,75-89,0.0,minimal_corrected
2022,5,>=90,0.0,minimal_corrected
2022,6,<1,15.384615384615383,minimal_corrected
2022,6,1-3,13.636363636363637,minimal_corrected
2022,6,4-12,7.4074074074074066,minimal_corrected
2022,6,13-17,0.0,minimal_corrected
2022,6,18-44,0.0,minimal_corrected
2022,6,45-59,3.571428571428571,minimal_corrected
2022,6,60-74,1.818181818181818,minimal_corrected
2022,6,75-89,0.0,minimal_corrected
2022,6,>=90,0.0,minimal_corrected
2022,7,<1,8.064516129032258,minimal_corrected
2022,7,1-3,9.210526315789473,minimal_corrected
2022,7,4-12,1.6666666666666667,minimal_corrected
2022,7,13-17,0.0,minimal_corrected
2022,7,18-44,1.851851851851852,minimal_corrected
2022,7,45-59,0.0,minimal_corrected
2022,7,60-74,0.0,minimal_corrected
2022,7,75-89,0.0,minimal_corrected
2022,7,>=90,0.0,minimal_corrected
2022,8,<1,6.122448979591836,minimal_corrected
2022,8,1-3,5.88235294117647,minimal_corrected
2022,8,4-12,8.695652173913043,minimal_corrected
2022,8,13-17,0.0,minimal_corrected
2022,8,18-44,0.0,minimal_corrected
2022,8,45-59,0.0,minimal_corrected
2022,8,60-74,0.0,minimal_corrected
2022,8,75-89,0.0,minimal_corrected
2022,8,>=90,0.0,minimal_corrected
2022,9,<1,5.714285714285714,minimal_corrected
2022,9,1-3,10.714285714285714,minimal_corrected
2022,9,4-12,2.2222222222222223,minimal_corrected
2022,9,13-17,0.0,minimal_corrected
2022,9,18-44,0.0,minimal_corrected
2022,9,45-59,0.0,minimal_corrected
2022,9,60-74,0.0,minimal_corrected
2022,9,75-89,0.0,minimal_corrected
2022,9,>=90,0.78125,minimal_corrected
2022,10,<1,9.375,minimal_corrected
2022,10,1-3,23.943661971830984,minimal_corrected
2022,10,4-12,10.44776119402985,minimal_corrected
2022,10,13-17,0.0,minimal_corrected
2022,10,18-44,0.0,minimal_corrected
2022,10,45-59,0.0,minimal_corrected
2022,10,60-74,0.0,minimal_corrected
2022,10,75-89,0.0,minimal_corrected
2022,10,>=90,0.0,minimal_corrected
2022,11,<1,4.081632653061225,minimal_corrected
2022,11,1-3,16.666666666666664,minimal_corrected
2022,11,4-12,12.5,minimal_corrected
2022,11,13-17,0.0,minimal_corrected
2022,11,18-44,0.0,minimal_corrected
2022,11,45-59,2.5,minimal_corrected
2022,11,60-74,0.0,minimal_corrected
2022,11,75-89,0.8130081300813009,minimal_corrected
2022,11,>=90,0.0,minimal_corrected
2022,12,<1,9.836065573770492,minimal_corrected
2022,12,1-3,16.666666666666664,minimal_corrected
2022,12,4-12,10.294117647058822,minimal_corrected
2022,12,13-17,0.0,minimal_corrected
2022,12,18-44,2.7777777777777777,minimal_corrected
2022,12,45-59,0.0,minimal_corrected
2022,12,60-74,2.898550724637681,minimal_corrected
2022,12,75-89,0.9009009009009008,minimal_corrected
2022,12,>=90,0.0,minimal_corrected
2023,1,<1,2.5316455696202533,minimal_corrected
2023,1,1-3,3.125,minimal_corrected
2023,1,4-12,4.166666666666666,minimal_corrected
2023,1,13-17,0.0,minimal_corrected
2023,1,18-44,0.0,minimal_corrected
2023,1,45-59,0.0,minimal_corrected
2023,1,60-74,0.0,minimal_corrected
2023,1,75-89,0.0,minimal_corrected
2023,1,>=90,0.0,minimal_corrected
2023,2,<1,0.0,minimal_corrected
2023,2,1-3,3.0303030303030303,minimal_corrected
2023,2,4-12,0.0,minimal_corrected
2023,2,13-17,0.0,minimal_corrected
2023,2,18-44,0.0,minimal_corrected
2023,2,45-59,0.0,minimal_corrected
2023,2,60-74,0.0,minimal_corrected
2023,2,75-89,0.0,minimal_corrected
2023,2,>=90,0.0,minimal_corrected
2023,3,<1,4.838709677419355,minimal_corrected
2023,3,1-3,4.3478260869565215,minimal_corrected
2023,3,4-12,4.242424242424243,minimal_corrected
2023,3,13-17,0.0,minimal_corrected
2023,3,18-44,0.0,minimal_corrected
2023,3,45-59,0.0,minimal_corrected
2023,3,60-74,0.0,minimal_corrected
2023,3,75-89,0.0,minimal_corrected
2023,3,>=90,0.0,minimal_corrected
2023,4,<1,3.75,minimal_corrected
2023,4,1-3,12.030075187969924,minimal_corrected
2023,4,4-12,4.411764705882353,minimal_corrected
2023,4,13-17,3.125,minimal_corrected
2023,4,18-44,0.0,minimal_corrected
2023,4,45-59,0.0,minimal_corrected
2023,4,60-74,0.4784688995215311,minimal_corrected
2023,4,75-89,0.0,minimal_corrected
2023,4,>=90,0.0,minimal_corrected
2023,5,<1,3.508771929824561,minimal_corrected
2023,5,1-3,7.731958762886598,minimal_corrected
2023,5,4-12,6.451612903225806,minimal_corrected
2023,5,13-17,0.0,minimal_corrected
2023,5,18-44,0.986842105263158,minimal_corrected
2023,5,45-59,0.0,minimal_corrected
2023,5,60-74,0.0,minimal_corrected
2023,5,75-89,0.0,minimal_corrected
2023,5,>=90,0.0,minimal_corrected
2023,6,<1,9.285714285714286,minimal_corrected
2023,6,1-3,7.450980392156863,minimal_corrected
2023,6,4-12,7.473309608540925,minimal_corrected
2023,6,13-17,0.0,minimal_corrected
2023,6,18-44,0.0,minimal_corrected
2023,6,45-59,0.0,minimal_corrected
2023,6,60-74,0.0,minimal_corrected
2023,6,75-89,0.0,minimal_corrected
2023,6,>=90,0.0,minimal_corrected
2023,7,<1,7.207207207207207,minimal_corrected
2023,7,1-3,9.634551495016613,minimal_corrected
2023,7,4-12,8.68421052631579,minimal_corrected
2023,7,13-17,5.555555555555555,minimal_corrected
2023,7,18-44,0.0,minimal_corrected
2023,7,45-59,0.0,minimal_corrected
2023,7,60-74,0.0,minimal_corrected
2023,7,75-89,0.0,minimal_corrected
2023,7,>=90,0.0,minimal_corrected
2023,8,<1,3.333333333333333,minimal_corrected
2023,8,1-3,8.532423208191126,minimal_corrected
2023,8,4-12,9.183673469387756,minimal_corrected
2023,8,13-17,3.8461538461538463,minimal_corrected
2023,8,18-44,0.0,minimal_corrected
2023,8,45-59,0.0,minimal_corrected
2023,8,60-74,0.0,minimal_corrected
2023,8,75-89,0.7407407407407408,minimal_corrected
2023,8,>=90,0.0,minimal_corrected
2023,9,<1,4.040404040404041,minimal_corrected
2023,9,1-3,17.880794701986755,minimal_corrected
2023,9,4-12,17.007672634271103,minimal_corrected
2023,9,13-17,3.571428571428571,minimal_corrected
2023,9,18-44,1.4705882352941175,minimal_corrected
2023,9,45-59,0.0,minimal_corrected
2023,9,60-74,0.0,minimal_corrected
2023,9,75-89,1.7094017094017095,minimal_corrected
2023,9,>=90,0.0,minimal_corrected
2023,10,<1,11.50442477876106,minimal_corrected
2023,10,1-3,17.6853055916775,minimal_corrected
2023,10,4-12,20.052219321148826,minimal_corrected
2023,10,13-17,22.22222222222222,minimal_corrected
2023,10,18-44,5.747126436781609,minimal_corrected
2023,10,45-59,2.912621359223301,minimal_corrected
2023,10,60-74,1.639344262295082,minimal_corrected
2023,10,75-89,1.818181818181818,minimal_corrected
2023,10,>=90,0.0,minimal_corrected
2023,11,<1,16.23931623931624,minimal_corrected
2023,11,1-3,21.80616740088106,minimal_corrected
2023,11,4-12,31.27549632852869,minimal_corrected
2023,11,13-17,45.038167938931295,minimal_corrected
2023,11,18-44,18.22660098522168,minimal_corrected
2023,11,45-59,6.363636363636363,minimal_corrected
2023,11,60-74,3.947368421052632,minimal_corrected
2023,11,75-89,3.4722222222222223,minimal_corrected
2023,11,>=90,1.1904761904761905,minimal_corrected
2023,12,<1,21.73913043478261,minimal_corrected
2023,12,1-3,30.0,minimal_corrected
2023,12,4-12,41.66666666666667,minimal_corrected
2023,12,13-17,34.98759305210918,minimal_corrected
2023,12,18-44,23.217247097844112,minimal_corrected
2023,12,45-59,12.601626016260164,minimal_corrected
2023,12,60-74,8.974358974358974,minimal_corrected
2023,12,75-89,3.731343283582089,minimal_corrected
2023,12,>=90,2.793296089385475,minimal_corrected
2024,1,<1,0.0,minimal_corrected
2024,1,1-3,0.0,minimal_corrected
2024,1,4-12,0.0,minimal_corrected
2024,1,13-17,7.142857142857142,minimal_corrected
2024,1,18-44,0.0,minimal_corrected
2024,1,45-59,1.9230769230769231,minimal_corrected
2024,1,60-74,2.5773195876288657,minimal_corrected
2024,1,75-89,0.0,minimal_corrected
2024,1,>=90,0.0,minimal_corrected
2024,2,<1,0.0,minimal_corrected
2024,2,4-12,0.0,minimal_corrected
2024,2,13-17,40.0,minimal_corrected
2024,2,18-44,2.941176470588235,minimal_corrected
2024,2,45-59,4.081632653061225,minimal_corrected
2024,2,60-74,1.9230769230769231,minimal_corrected
2024,2,75-89,0.0,minimal_corrected
2024,2,>=90,0.0,minimal_corrected
2024,3,<1,7.6923076923076925,minimal_corrected
2024,3,4-12,0.0,minimal_corrected
2024,3,13-17,0.0,minimal_corrected
2024,3,18-44,1.4705882352941175,minimal_corrected
2024,3,45-59,2.5210084033613445,minimal_corrected
2024,3,60-74,1.7045454545454544,minimal_corrected
2024,3,75-89,0.0,minimal_corrected
2024,3,>=90,0.0,minimal_corrected
2024,4,<1,5.555555555555555,minimal_corrected
2024,4,1-3,33.33333333333333,minimal_corrected
2024,4,4-12,33.33333333333333,minimal_corrected
2024,4,13-17,0.0,minimal_corrected
2024,4,18-44,0.0,minimal_corrected
2024,4,45-59,1.0309278350515465,minimal_corrected
2024,4,60-74,0.5747126436781609,minimal_corrected
2024,4,75-89,0.0,minimal_corrected
2024,4,>=90,0.0,minimal_corrected
2024,5,<1,13.333333333333334,minimal_corrected
2024,5,4-12,0.0,minimal_corrected
2024,5,13-17,0.0,minimal_corrected
2024,5,18-44,2.127659574468085,minimal_corrected
2024,5,45-59,1.0101010101010102,minimal_corrected
2024,5,60-74,3.2467532467532463,minimal_corrected
2024,5,75-89,2.0202020202020203,minimal_corrected
2024,5,>=90,0.0,minimal_corrected
2024,6,<1,4.545454545454546,minimal_corrected
2024,6,1-3,0.0,minimal_corrected
2024,6,4-12,0.0,minimal_corrected
2024,6,13-17,0.0,minimal_corrected
2024,6,18-44,1.96078431372549,minimal_corrected
2024,6,45-59,1.2048192771084338,minimal_corrected
2024,6,60-74,1.0,minimal_corrected
2024,6,75-89,0.0,minimal_corrected
2024,6,>=90,0.0,minimal_corrected
2024,7,<1,0.0,minimal_corrected
2024,7,1-3,0.0,minimal_corrected
2024,7,4-12,0.0,minimal_corrected
2024,7,13-17,0.0,minimal_corrected
2024,7,18-44,0.0,minimal_corrected
2024,7,45-59,1.1111111111111112,minimal_corrected
2024,7,60-74,2.459016393442623,minimal_corrected
2024,7,75-89,1.4925373134328357,minimal_corrected
2024,7,>=90,1.1764705882352942,minimal_corrected
2024,8,<1,10.0,minimal_corrected
2024,8,1-3,0.0,minimal_corrected
2024,8,4-12,0.0,minimal_corrected
2024,8,18-44,6.25,minimal_corrected
2024,8,45-59,1.7543859649122806,minimal_corrected
2024,8,60-74,0.0,minimal_corrected
2024,8,75-89,0.0,minimal_corrected
2024,8,>=90,0.0,minimal_corrected
2024,9,<1,0.0,minimal_corrected
2024,9,4-12,0.0,minimal_corrected
2024,9,13-17,0.0,minimal_corrected
2024,9,18-44,5.0,minimal_corrected
2024,9,45-59,0.0,minimal_corrected
2024,9,60-74,0.0,minimal_corrected
2024,9,75-89,0.0,minimal_corrected
2024,9,>=90,1.7543859649122806,minimal_corrected
2024,10,<1,0.0,minimal_corrected
2024,10,1-3,100.0,minimal_corrected
2024,10,4-12,0.0,minimal_corrected
2024,10,13-17,0.0,minimal_corrected
2024,10,18-44,0.0,minimal_corrected
2024,10,45-59,0.0,minimal_corrected
2024,10,60-74,2.5,minimal_corrected
2024,10,75-89,0.0,minimal_corrected
2024,10,>=90,0.0,minimal_corrected
2024,11,<1,6.666666666666667,minimal_corrected
2024,11,1-3,0.0,minimal_corrected
2024,11,4-12,0.0,minimal_corrected
2024,11,13-17,0.0,minimal_corrected
2024,11,18-44,0.0,minimal_corrected
2024,11,45-59,0.0,minimal_corrected
2024,11,60-74,0.0,minimal_corrected
2024,11,75-89,0.0,minimal_corrected
2024,11,>=90,0.0,minimal_corrected
2024,12,<1,0.0,minimal_corrected
2024,12,1-3,0.0,minimal_corrected
2024,12,4-12,16.666666666666664,minimal_corrected
2024,12,13-17,0.0,minimal_corrected
2024,12,18-44,0.0,minimal_corrected
2024,12,45-59,0.0,minimal_corrected
2024,12,60-74,0.0,minimal_corrected
2024,12,75-89,0.0,minimal_corrected
2024,12,>=90,0.0,minimal_corrected
2025,1,<1,3.191489361702128,minimal_corrected
2025,1,1-3,8.923076923076923,minimal_corrected
2025,1,4-12,6.371681415929204,minimal_corrected
2025,1,13-17,3.076923076923077,minimal_corrected
2025,1,18-44,2.1021021021021022,minimal_corrected
2025,1,45-59,1.0526315789473684,minimal_corrected
2025,1,60-74,1.818181818181818,minimal_corrected
2025,1,75-89,3.791469194312796,minimal_corrected
2025,1,>=90,1.1363636363636365,minimal_corrected
2025,2,<1,1.0101010101010102,minimal_corrected
2025,2,1-3,4.301075268817205,minimal_corrected
2025,2,4-12,2.535211267605634,minimal_corrected
2025,2,13-17,0.0,minimal_corrected
2025,2,18-44,0.7662835249042145,minimal_corrected
2025,2,45-59,0.3460207612456747,minimal_corrected
2025,2,60-74,0.4926108374384236,minimal_corrected
2025,2,75-89,0.8888888888888888,minimal_corrected
2025,2,>=90,0.0,minimal_corrected
2025,3,<1,3.636363636363636,minimal_corrected
2025,3,1-3,4.545454545454546,minimal_corrected
2025,3,4-12,3.1948881789137378,minimal_corrected
2025,3,13-17,0.0,minimal_corrected
2025,3,18-44,1.4354066985645932,minimal_corrected
2025,3,45-59,1.2605042016806722,minimal_corrected
2025,3,60-74,0.2840909090909091,minimal_corrected
2025,3,75-89,0.4273504273504274,minimal_corrected
2025,3,>=90,0.0,minimal_corrected
2025,4,<1,4.487179487179487,minimal_corrected
2025,4,1-3,8.597285067873303,minimal_corrected
2025,4,4-12,4.2682926829268295,minimal_corrected
2025,4,13-17,0.0,minimal_corrected
2025,4,18-44,1.5151515151515151,minimal_corrected
2025,4,45-59,0.4524886877828055,minimal_corrected
2025,4,60-74,0.2631578947368421,minimal_corrected
2025,4,75-89,1.2658227848101269,minimal_corrected
2025,4,>=90,0.0,minimal_corrected
2025,5,<1,2.4390243902439024,minimal_corrected
2025,5,1-3,7.304785894206549,minimal_corrected
2025,5,4-12,6.930693069306932,minimal_corrected
2025,5,13-17,0.0,minimal_corrected
2025,5,18-44,0.9216589861751152,minimal_corrected
2025,5,45-59,0.4132231404958678,minimal_corrected
2025,5,60-74,0.2666666666666666,minimal_corrected
2025,5,75-89,0.0,minimal_corrected
2025,5,>=90,0.0,minimal_corrected
2025,6,<1,7.428571428571429,minimal_corrected
2025,6,1-3,9.582309582309582,minimal_corrected
2025,6,4-12,9.230769230769232,minimal_corrected
2025,6,13-17,4.0,minimal_corrected
2025,6,18-44,0.5405405405405406,minimal_corrected
2025,6,45-59,1.2295081967213115,minimal_corrected
2025,6,60-74,0.2906976744186046,minimal_corrected
2025,6,75-89,0.0,minimal_corrected
2025,6,>=90,1.5151515151515151,minimal_corrected
2025,7,<1,3.3112582781456954,minimal_corrected
2025,7,1-3,9.87012987012987,minimal_corrected
2025,7,4-12,9.45945945945946,minimal_corrected
2025,7,13-17,0.0,minimal_corrected
2025,7,18-44,0.7518796992481203,minimal_corrected
2025,7,45-59,2.0202020202020203,minimal_corrected
2025,7,60-74,0.33003300330033,minimal_corrected
2025,7,75-89,0.0,minimal_corrected
2025,7,>=90,0.0,minimal_corrected
2025,8,<1,8.695652173913043,minimal_corrected
2025,8,1-3,7.801418439716312,minimal_corrected
2025,8,4-12,9.387755102040815,minimal_corrected
2025,8,13-17,0.0,minimal_corrected
2025,8,18-44,2.419354838709677,minimal_corrected
2025,8,45-59,0.0,minimal_corrected
2025,8,60-74,1.107011070110701,minimal_corrected
2025,8,75-89,0.0,minimal_corrected
2025,8,>=90,1.9230769230769231,minimal_corrected
2025,9,<1,10.576923076923077,minimal_corrected
2025,9,1-3,14.106583072100312,minimal_corrected
2025,9,4-12,17.62589928057554,minimal_corrected
2025,9,13-17,0.0,minimal_corrected
2025,9,18-44,6.521739130434782,minimal_corrected
2025,9,45-59,0.684931506849315,minimal_corrected
2025,9,60-74,0.8849557522123894,minimal_corrected
2025,9,75-89,3.8461538461538463,minimal_corrected
2025,9,>=90,0.0,minimal_corrected
2025,10,<1,12.962962962962962,minimal_corrected
2025,10,1-3,16.666666666666664,minimal_corrected
2025,10,4-12,13.813813813813812,minimal_corrected
2025,10,13-17,5.0,minimal_corrected
2025,10,18-44,4.45859872611465,minimal_corrected
2025,10,45-59,3.252032520325204,minimal_corrected
2025,10,60-74,1.327433628318584,minimal_corrected
2025,10,75-89,0.0,minimal_corrected
2025,10,>=90,1.818181818181818,minimal_corrected
2025,11,<1,8.433734939759036,minimal_corrected
2025,11,1-3,11.929824561403509,minimal_corrected
2025,11,4-12,14.02439024390244,minimal_corrected
2025,11,13-17,2.912621359223301,minimal_corrected
2025,11,18-44,2.926829268292684,minimal_corrected
2025,11,45-59,1.6129032258064515,minimal_corrected
2025,11,60-74,0.3731343283582089,minimal_corrected
2025,11,75-89,2.238805970149253,minimal_corrected
2025,11,>=90,0.0,minimal_corrected
