branch,period,age_group,virus,environment,n_months,rho_display,q_period,fdr05_period,status
minimal_corrected,2020-2022,<1,FluA,windlevel,30,-0.0696397260741361,0.9591994268329904,False,computed
minimal_corrected,2020-2022,<1,FluA,temp,30,-0.0756626213021695,0.9591994268329904,False,computed
minimal_corrected,2020-2022,<1,FluA,humi,30,0.1415380378587848,0.9044106291413172,False,computed
minimal_corrected,2020-2022,<1,FluA,PM2.5,30,-0.0997542022143031,0.939142344872617,False,computed
minimal_corrected,2020-2022,<1,FluA,PM10,30,-0.15508955212186,0.8859133474068429,False,computed
minimal_corrected,2020-2022,<1,FluA,NO2,30,0.176546116371729,0.8798650390442455,False,computed
minimal_corrected,2020-2022,<1,FluA,SO2,30,-0.2944345142307231,0.7450549291774112,False,computed
minimal_corrected,2020-2022,<1,FluA,O3,30,-0.2740417328755196,0.7583899253282129,False,computed
minimal_corrected,2020-2022,<1,FluA,CO,30,-0.013176549082403,0.9976213999135164,False,computed
minimal_corrected,2020-2022,<1,FluA,AQI,30,-0.2420451019765922,0.7905613522817263,False,computed
minimal_corrected,2020-2022,<1,FluB,windlevel,30,0.2745490045070094,0.7583899253282129,False,computed
minimal_corrected,2020-2022,<1,FluB,temp,30,-0.5205929211143839,0.3198390031920204,False,computed
minimal_corrected,2020-2022,<1,FluB,humi,30,0.111319869586995,0.9332012195169388,False,computed
minimal_corrected,2020-2022,<1,FluB,PM2.5,30,0.3021539317361295,0.7221533391026016,False,computed
minimal_corrected,2020-2022,<1,FluB,PM10,30,0.1593284386811169,0.8859133474068429,False,computed
minimal_corrected,2020-2022,<1,FluB,NO2,30,0.4317770682902585,0.6328728615023584,False,computed
minimal_corrected,2020-2022,<1,FluB,SO2,30,-0.341236817324914,0.6421466541564022,False,computed
minimal_corrected,2020-2022,<1,FluB,O3,30,-0.1137202980417011,0.9332012195169388,False,computed
minimal_corrected,2020-2022,<1,FluB,CO,30,0.3745084995938928,0.6328728615023584,False,computed
minimal_corrected,2020-2022,<1,FluB,AQI,30,0.0063011246936034,0.9976213999135164,False,computed
minimal_corrected,2020-2022,<1,RSV,windlevel,30,-0.0146846146197363,0.9976213999135164,False,computed
minimal_corrected,2020-2022,<1,RSV,temp,30,0.3223940391514849,0.7111829783381346,False,computed
minimal_corrected,2020-2022,<1,RSV,humi,30,0.2242741141923373,0.8135986772117402,False,computed
minimal_corrected,2020-2022,<1,RSV,PM2.5,30,-0.2687729463733567,0.7583899253282129,False,computed
minimal_corrected,2020-2022,<1,RSV,PM10,30,-0.2656580281206853,0.7583899253282129,False,computed
minimal_corrected,2020-2022,<1,RSV,NO2,30,-0.3880298166184884,0.6328728615023584,False,computed
minimal_corrected,2020-2022,<1,RSV,SO2,30,-0.267497498039665,0.7583899253282129,False,computed
minimal_corrected,2020-2022,<1,RSV,O3,30,0.1403938155311159,0.9044106291413172,False,computed
minimal_corrected,2020-2022,<1,RSV,CO,30,-0.1221628838451268,0.9332012195169388,False,computed
minimal_corrected,2020-2022,<1,RSV,AQI,30,0.0618533767316168,0.9638876098082352,False,computed
minimal_corrected,2020-2022,<1,ADV,windlevel,30,0.0688725825695156,0.9591994268329904,False,computed
minimal_corrected,2020-2022,<1,ADV,temp,30,-0.0095929668578968,0.9976213999135164,False,computed
minimal_corrected,2020-2022,<1,ADV,humi,30,0.0725621852071682,0.9591994268329904,False,computed
minimal_corrected,2020-2022,<1,ADV,PM2.5,30,-0.1918593371579363,0.8438763857551281,False,computed
minimal_corrected,2020-2022,<1,ADV,PM10,30,-0.2066177477085468,0.8253656195209351,False,computed
minimal_corrected,2020-2022,<1,ADV,NO2,30,-0.1928432311946437,0.8438763857551281,False,computed
minimal_corrected,2020-2022,<1,ADV,SO2,30,-0.0446541271982201,0.9782570558607396,False,computed
minimal_corrected,2020-2022,<1,ADV,O3,30,-0.1775928736256795,0.8787629279008881,False,computed
minimal_corrected,2020-2022,<1,ADV,CO,30,0.10430437080228,0.9378461277463918,False,computed
minimal_corrected,2020-2022,<1,ADV,AQI,30,-0.1689838008044901,0.8835328352059227,False,computed
minimal_corrected,2020-2022,<1,PIV,windlevel,30,0.6757242497088675,0.0292134927452819,True,computed
minimal_corrected,2020-2022,<1,PIV,temp,30,-0.3928732948208445,0.6328728615023584,False,computed
minimal_corrected,2020-2022,<1,PIV,humi,30,-0.2153676168320616,0.8200745657855867,False,computed
minimal_corrected,2020-2022,<1,PIV,PM2.5,30,0.1955457782611686,0.8411173217905498,False,computed
minimal_corrected,2020-2022,<1,PIV,PM10,30,0.2750558498320538,0.7583899253282129,False,computed
minimal_corrected,2020-2022,<1,PIV,NO2,30,0.2799556301529487,0.7583899253282129,False,computed
minimal_corrected,2020-2022,<1,PIV,SO2,30,-0.1987080316605994,0.8387762092587974,False,computed
minimal_corrected,2020-2022,<1,PIV,O3,30,-0.0481069340596952,0.9782570558607396,False,computed
minimal_corrected,2020-2022,<1,PIV,CO,30,0.3289900305065135,0.6987931960074275,False,computed
minimal_corrected,2020-2022,<1,PIV,AQI,30,-0.0592427984253654,0.9638876098082352,False,computed
minimal_corrected,2020-2022,<1,HRV,windlevel,30,0.404539395863114,0.6328728615023584,False,computed
minimal_corrected,2020-2022,<1,HRV,temp,30,-0.0936804651586199,0.939142344872617,False,computed
minimal_corrected,2020-2022,<1,HRV,humi,30,-0.3028482495982938,0.7221533391026016,False,computed
minimal_corrected,2020-2022,<1,HRV,PM2.5,30,-0.0140186919358504,0.9976213999135164,False,computed
minimal_corrected,2020-2022,<1,HRV,PM10,30,0.0736537623931192,0.9591994268329904,False,computed
minimal_corrected,2020-2022,<1,HRV,NO2,30,0.0554072109845519,0.9647621969615572,False,computed
minimal_corrected,2020-2022,<1,HRV,SO2,30,0.029156465613176,0.9976213999135164,False,computed
minimal_corrected,2020-2022,<1,HRV,O3,30,0.0077881621865836,0.9976213999135164,False,computed
minimal_corrected,2020-2022,<1,HRV,CO,30,0.1079336826532758,0.934795415091642,False,computed
minimal_corrected,2020-2022,<1,HRV,AQI,30,-0.0870048975701196,0.9512843680799348,False,computed
minimal_corrected,2020-2022,<1,MP,windlevel,30,-0.0050389396499939,0.9976213999135164,False,computed
minimal_corrected,2020-2022,<1,MP,temp,30,-0.0283771864499661,0.9976213999135164,False,computed
minimal_corrected,2020-2022,<1,MP,humi,30,-0.284037071849661,0.7583899253282129,False,computed
minimal_corrected,2020-2022,<1,MP,PM2.5,30,-0.0355377848999576,0.9882926147810968,False,computed
minimal_corrected,2020-2022,<1,MP,PM10,30,0.1082045987998708,0.934795415091642,False,computed
minimal_corrected,2020-2022,<1,MP,NO2,30,-0.0450852494999462,0.9782570558607396,False,computed
minimal_corrected,2020-2022,<1,MP,SO2,30,-0.1431112067328845,0.9044106291413172,False,computed
minimal_corrected,2020-2022,<1,MP,O3,30,0.2182656490497395,0.8135986772117402,False,computed
minimal_corrected,2020-2022,<1,MP,CO,30,-0.1611313895243876,0.8859133474068429,False,computed
minimal_corrected,2020-2022,<1,MP,AQI,30,0.2172048196497408,0.8135986772117402,False,computed
minimal_corrected,2020-2022,<1,HMPV,windlevel,30,-0.1057489572896635,0.9378461277463918,False,computed
minimal_corrected,2020-2022,<1,HMPV,temp,30,-0.0241137764841038,0.9976213999135164,False,computed
minimal_corrected,2020-2022,<1,HMPV,humi,30,-0.0238625913123943,0.9976213999135164,False,computed
minimal_corrected,2020-2022,<1,HMPV,PM2.5,30,0.186630582580095,0.8447028750928838,False,computed
minimal_corrected,2020-2022,<1,HMPV,PM10,30,0.1964268042767622,0.8411173217905498,False,computed
minimal_corrected,2020-2022,<1,HMPV,NO2,30,0.291374799182921,0.746356689579248,False,computed
minimal_corrected,2020-2022,<1,HMPV,SO2,30,-0.1816472946085515,0.8697496986962304,False,computed
minimal_corrected,2020-2022,<1,HMPV,O3,30,0.2413889500127474,0.7905613522817263,False,computed
minimal_corrected,2020-2022,<1,HMPV,CO,30,0.0222323608439457,0.9976213999135164,False,computed
minimal_corrected,2020-2022,<1,HMPV,AQI,30,0.2938866509000151,0.7450549291774112,False,computed
minimal_corrected,2020-2022,<1,HBOV,windlevel,30,0.2011890127332101,0.8365190647470069,False,computed
minimal_corrected,2020-2022,<1,HBOV,temp,30,0.0697302828223057,0.9591994268329904,False,computed
minimal_corrected,2020-2022,<1,HBOV,humi,30,-0.1406036850351411,0.9044106291413172,False,computed
minimal_corrected,2020-2022,<1,HBOV,PM2.5,30,-0.0262917459821808,0.9976213999135164,False,computed
minimal_corrected,2020-2022,<1,HBOV,PM10,30,0.0111454140576636,0.9976213999135164,False,computed
minimal_corrected,2020-2022,<1,HBOV,NO2,30,0.1671812108649544,0.8859133474068429,False,computed
minimal_corrected,2020-2022,<1,HBOV,SO2,30,-0.233248252042481,0.8135986772117402,False,computed
minimal_corrected,2020-2022,<1,HBOV,O3,30,-0.1614656139123064,0.8859133474068429,False,computed
minimal_corrected,2020-2022,<1,HBOV,CO,30,0.0510173780210474,0.9755035178187688,False,computed
minimal_corrected,2020-2022,<1,HBOV,AQI,30,-0.1606082743694092,0.8859133474068429,False,computed
minimal_corrected,2020-2022,1-3,FluA,windlevel,31,-0.2694846802552807,0.7583899253282129,False,computed
minimal_corrected,2020-2022,1-3,FluA,temp,31,0.0479343682883579,0.9781602131275092,False,computed
minimal_corrected,2020-2022,1-3,FluA,humi,31,0.252532281714276,0.7679172456256808,False,computed
minimal_corrected,2020-2022,1-3,FluA,PM2.5,31,-0.1262788712237436,0.9230730524305336,False,computed
minimal_corrected,2020-2022,1-3,FluA,PM10,31,-0.2449329306441705,0.7794360268525721,False,computed
minimal_corrected,2020-2022,1-3,FluA,NO2,31,-0.0143232978934338,0.9976213999135164,False,computed
minimal_corrected,2020-2022,1-3,FluA,SO2,31,-0.3262862207411454,0.6884668369136461,False,computed
minimal_corrected,2020-2022,1-3,FluA,O3,31,-0.0052610892023807,0.9976213999135164,False,computed
minimal_corrected,2020-2022,1-3,FluA,CO,31,-0.2479057440150266,0.7679172456256808,False,computed
minimal_corrected,2020-2022,1-3,FluA,AQI,31,-0.0075993510701055,0.9976213999135164,False,computed
minimal_corrected,2020-2022,1-3,FluB,windlevel,31,0.3005846186975435,0.7221533391026016,False,computed
minimal_corrected,2020-2022,1-3,FluB,temp,31,-0.2029795971172426,0.8253656195209351,False,computed
minimal_corrected,2020-2022,1-3,FluB,humi,31,0.1039177841700716,0.9378461277463918,False,computed
minimal_corrected,2020-2022,1-3,FluB,PM2.5,31,0.253021608209348,0.7679172456256808,False,computed
minimal_corrected,2020-2022,1-3,FluB,PM10,31,0.2131771366853337,0.8135986772117402,False,computed
minimal_corrected,2020-2022,1-3,FluB,NO2,31,0.2913876486096138,0.7449030413769534,False,computed
minimal_corrected,2020-2022,1-3,FluB,SO2,31,-0.2265995960171918,0.8135986772117402,False,computed
minimal_corrected,2020-2022,1-3,FluB,O3,31,0.0257366474813728,0.9976213999135164,False,computed
minimal_corrected,2020-2022,1-3,FluB,CO,31,0.118752440838278,0.9332012195169388,False,computed
minimal_corrected,2020-2022,1-3,FluB,AQI,31,0.1320824172628947,0.9044106291413172,False,computed
minimal_corrected,2020-2022,1-3,RSV,windlevel,31,0.0754412602228962,0.9591994268329904,False,computed
minimal_corrected,2020-2022,1-3,RSV,temp,31,0.1498739474481602,0.8859133474068429,False,computed
minimal_corrected,2020-2022,1-3,RSV,humi,31,-0.0215834621493312,0.9976213999135164,False,computed
minimal_corrected,2020-2022,1-3,RSV,PM2.5,31,-0.1088359983683769,0.9333722259431436,False,computed
minimal_corrected,2020-2022,1-3,RSV,PM10,31,-0.0641452426494144,0.9591994268329904,False,computed
minimal_corrected,2020-2022,1-3,RSV,NO2,31,-0.3046197544694147,0.720093498172625,False,computed
minimal_corrected,2020-2022,1-3,RSV,SO2,31,-0.2495964538299517,0.7679172456256808,False,computed
minimal_corrected,2020-2022,1-3,RSV,O3,31,0.0812909836091636,0.9531373877823126,False,computed
minimal_corrected,2020-2022,1-3,RSV,CO,31,-0.0024210633611459,0.9976213999135164,False,computed
minimal_corrected,2020-2022,1-3,RSV,AQI,31,0.1071104523485505,0.934795415091642,False,computed
minimal_corrected,2020-2022,1-3,ADV,windlevel,31,0.510400899020255,0.3198390031920204,False,computed
minimal_corrected,2020-2022,1-3,ADV,temp,31,-0.5063452701047186,0.3198390031920204,False,computed
minimal_corrected,2020-2022,1-3,ADV,humi,31,-0.3406728289050569,0.6421466541564022,False,computed
minimal_corrected,2020-2022,1-3,ADV,PM2.5,31,0.3398959685556327,0.6421466541564022,False,computed
minimal_corrected,2020-2022,1-3,ADV,PM10,31,0.3848791840844036,0.6328728615023584,False,computed
minimal_corrected,2020-2022,1-3,ADV,NO2,31,0.3551061103466068,0.6328728615023584,False,computed
minimal_corrected,2020-2022,1-3,ADV,SO2,31,-0.2594359394652533,0.760993680756526,False,computed
minimal_corrected,2020-2022,1-3,ADV,O3,31,0.0916572134911224,0.939142344872617,False,computed
minimal_corrected,2020-2022,1-3,ADV,CO,31,0.3917513526089828,0.6328728615023584,False,computed
minimal_corrected,2020-2022,1-3,ADV,AQI,31,0.1518833028868378,0.8859133474068429,False,computed
minimal_corrected,2020-2022,1-3,PIV,windlevel,31,0.5633268563680048,0.3112268055763185,False,computed
minimal_corrected,2020-2022,1-3,PIV,temp,31,-0.2638186609556423,0.7583899253282129,False,computed
minimal_corrected,2020-2022,1-3,PIV,humi,31,-0.1024046301172939,0.9378461277463918,False,computed
minimal_corrected,2020-2022,1-3,PIV,PM2.5,31,0.069662449402661,0.9591994268329904,False,computed
minimal_corrected,2020-2022,1-3,PIV,PM10,31,0.1685113814405371,0.8835328352059227,False,computed
minimal_corrected,2020-2022,1-3,PIV,NO2,31,0.1843469185066051,0.8442770424219408,False,computed
minimal_corrected,2020-2022,1-3,PIV,SO2,31,-0.3170432942800555,0.7111829783381346,False,computed
minimal_corrected,2020-2022,1-3,PIV,O3,31,-0.0780708566240755,0.954519561675515,False,computed
minimal_corrected,2020-2022,1-3,PIV,CO,31,0.2858780903455146,0.746356689579248,False,computed
minimal_corrected,2020-2022,1-3,PIV,AQI,31,-0.033661719998952,0.9882926147810968,False,computed
minimal_corrected,2020-2022,1-3,HRV,windlevel,31,0.4467741935483871,0.5722442358293857,False,computed
minimal_corrected,2020-2022,1-3,HRV,temp,31,0.0604838709677419,0.9638876098082352,False,computed
minimal_corrected,2020-2022,1-3,HRV,humi,31,-0.3842741935483871,0.6328728615023584,False,computed
minimal_corrected,2020-2022,1-3,HRV,PM2.5,31,0.0143159593428413,0.9976213999135164,False,computed
minimal_corrected,2020-2022,1-3,HRV,PM10,31,0.1576612903225806,0.8859133474068429,False,computed
minimal_corrected,2020-2022,1-3,HRV,NO2,31,0.0729912293254727,0.9591994268329904,False,computed
minimal_corrected,2020-2022,1-3,HRV,SO2,31,0.0554603231991553,0.9638876098082352,False,computed
minimal_corrected,2020-2022,1-3,HRV,O3,31,0.0076612903225806,0.9976213999135164,False,computed
minimal_corrected,2020-2022,1-3,HRV,CO,31,0.0459770124290611,0.9782570558607396,False,computed
minimal_corrected,2020-2022,1-3,HRV,AQI,31,-0.0334677419354838,0.9882926147810968,False,computed
minimal_corrected,2020-2022,1-3,MP,windlevel,31,-0.0857303058033292,0.9512843680799348,False,computed
minimal_corrected,2020-2022,1-3,MP,temp,31,0.1471522717333094,0.8859133474068429,False,computed
minimal_corrected,2020-2022,1-3,MP,humi,31,0.099403746982088,0.939142344872617,False,computed
minimal_corrected,2020-2022,1-3,MP,PM2.5,31,-0.0759712208794637,0.958438722601006,False,computed
minimal_corrected,2020-2022,1-3,MP,PM10,31,-0.0171460611606658,0.9976213999135164,False,computed
minimal_corrected,2020-2022,1-3,MP,NO2,31,-0.0734750236219956,0.9591994268329904,False,computed
minimal_corrected,2020-2022,1-3,MP,SO2,31,-0.3824294276871711,0.6328728615023584,False,computed
minimal_corrected,2020-2022,1-3,MP,O3,31,0.1590894029211148,0.8859133474068429,False,computed
minimal_corrected,2020-2022,1-3,MP,CO,31,-0.2302160123742242,0.8135986772117402,False,computed
minimal_corrected,2020-2022,1-3,MP,AQI,31,0.183614781543333,0.8447028750928838,False,computed
minimal_corrected,2020-2022,1-3,HMPV,windlevel,31,0.2189536119501796,0.8135986772117402,False,computed
minimal_corrected,2020-2022,1-3,HMPV,temp,31,-0.3695767730212211,0.6328728615023584,False,computed
minimal_corrected,2020-2022,1-3,HMPV,humi,31,-0.0901200373823927,0.9438957046704468,False,computed
minimal_corrected,2020-2022,1-3,HMPV,PM2.5,31,0.2847741787485425,0.746356689579248,False,computed
minimal_corrected,2020-2022,1-3,HMPV,PM10,31,0.2496282725615575,0.7679172456256808,False,computed
minimal_corrected,2020-2022,1-3,HMPV,NO2,31,0.4325563212863264,0.5998026035689265,False,computed
minimal_corrected,2020-2022,1-3,HMPV,SO2,31,-0.3711698846412207,0.6328728615023584,False,computed
minimal_corrected,2020-2022,1-3,HMPV,O3,31,0.1197369510761369,0.9332012195169388,False,computed
minimal_corrected,2020-2022,1-3,HMPV,CO,31,0.1005062225696162,0.939142344872617,False,computed
minimal_corrected,2020-2022,1-3,HMPV,AQI,31,0.223607698387768,0.8135986772117402,False,computed
minimal_corrected,2020-2022,1-3,HBOV,windlevel,31,0.4744592209210538,0.4901674438462963,False,computed
minimal_corrected,2020-2022,1-3,HBOV,temp,31,0.0184118503641005,0.9976213999135164,False,computed
minimal_corrected,2020-2022,1-3,HBOV,humi,31,-0.2531123604998884,0.7679172456256808,False,computed
minimal_corrected,2020-2022,1-3,HBOV,PM2.5,31,-0.1117975048313261,0.9332012195169388,False,computed
minimal_corrected,2020-2022,1-3,HBOV,PM10,31,0.1106734302105827,0.9332012195169388,False,computed
minimal_corrected,2020-2022,1-3,HBOV,NO2,31,0.092372056028055,0.939142344872617,False,computed
minimal_corrected,2020-2022,1-3,HBOV,SO2,31,-0.5464509524842149,0.3112268055763185,False,computed
minimal_corrected,2020-2022,1-3,HBOV,O3,31,0.0665659205471329,0.9591994268329904,False,computed
minimal_corrected,2020-2022,1-3,HBOV,CO,31,-0.0901553138809494,0.9438957046704468,False,computed
minimal_corrected,2020-2022,1-3,HBOV,AQI,31,0.0503796784688027,0.9755035178187688,False,computed
minimal_corrected,2020-2022,4-12,FluA,windlevel,23,-0.1094935404352079,0.939142344872617,False,computed
minimal_corrected,2020-2022,4-12,FluA,temp,23,0.0629587857502445,0.9657377786997112,False,computed
minimal_corrected,2020-2022,4-12,FluA,humi,23,0.1840860148566933,0.8859133474068429,False,computed
minimal_corrected,2020-2022,4-12,FluA,PM2.5,23,-0.1183898905955685,0.939142344872617,False,computed
minimal_corrected,2020-2022,4-12,FluA,PM10,23,-0.2046160536882947,0.8787629279008881,False,computed
minimal_corrected,2020-2022,4-12,FluA,NO2,23,-0.0085562968173339,0.9976213999135164,False,computed
minimal_corrected,2020-2022,4-12,FluA,SO2,23,-0.3840066011619478,0.6755388392251825,False,computed
minimal_corrected,2020-2022,4-12,FluA,O3,23,-0.2696278433216995,0.8135986772117402,False,computed
minimal_corrected,2020-2022,4-12,FluA,CO,23,-0.1961588112041286,0.8835328352059227,False,computed
minimal_corrected,2020-2022,4-12,FluA,AQI,23,-0.1909293611338938,0.8859133474068429,False,computed
minimal_corrected,2020-2022,4-12,FluB,windlevel,23,0.3799023174466976,0.6884668369136461,False,computed
minimal_corrected,2020-2022,4-12,FluB,temp,23,-0.4292840071591192,0.6328728615023584,False,computed
minimal_corrected,2020-2022,4-12,FluB,humi,23,-0.12289306871614,0.9378461277463918,False,computed
minimal_corrected,2020-2022,4-12,FluB,PM2.5,23,0.5325366311032734,0.5335460061053979,False,computed
minimal_corrected,2020-2022,4-12,FluB,PM10,23,0.4292840071591192,0.6328728615023584,False,computed
minimal_corrected,2020-2022,4-12,FluB,NO2,23,0.4254610352008169,0.6328728615023584,False,computed
minimal_corrected,2020-2022,4-12,FluB,SO2,23,0.037606714193212,0.9937893070898584,False,computed
minimal_corrected,2020-2022,4-12,FluB,O3,23,-0.0572378676212158,0.9781602131275092,False,computed
minimal_corrected,2020-2022,4-12,FluB,CO,23,0.3949681305048207,0.6421466541564022,False,computed
minimal_corrected,2020-2022,4-12,FluB,AQI,23,0.1021303128143264,0.9494274477986764,False,computed
minimal_corrected,2020-2022,4-12,RSV,windlevel,23,-0.0285265532596248,0.9976213999135164,False,computed
minimal_corrected,2020-2022,4-12,RSV,temp,23,0.2526637574423919,0.8135986772117402,False,computed
minimal_corrected,2020-2022,4-12,RSV,humi,23,0.1436515717716824,0.9300083781559384,False,computed
minimal_corrected,2020-2022,4-12,RSV,PM2.5,23,-0.3504690829039629,0.7221533391026016,False,computed
minimal_corrected,2020-2022,4-12,RSV,PM10,23,-0.4065033839496547,0.6328728615023584,False,computed
minimal_corrected,2020-2022,4-12,RSV,NO2,23,-0.2675025276136025,0.8135986772117402,False,computed
minimal_corrected,2020-2022,4-12,RSV,SO2,23,-0.1737492607928351,0.8859133474068429,False,computed
minimal_corrected,2020-2022,4-12,RSV,O3,23,-0.2057987056587223,0.8783539061142684,False,computed
minimal_corrected,2020-2022,4-12,RSV,CO,23,-0.1080467761856783,0.939142344872617,False,computed
minimal_corrected,2020-2022,4-12,RSV,AQI,23,-0.194591845449584,0.8835328352059227,False,computed
minimal_corrected,2020-2022,4-12,ADV,windlevel,23,0.0142632766298124,0.9976213999135164,False,computed
minimal_corrected,2020-2022,4-12,ADV,temp,23,-0.3076792530145256,0.7583899253282129,False,computed
minimal_corrected,2020-2022,4-12,ADV,humi,23,-0.1161438239856156,0.939142344872617,False,computed
minimal_corrected,2020-2022,4-12,ADV,PM2.5,23,0.098824130935129,0.9531207378481488,False,computed
minimal_corrected,2020-2022,4-12,ADV,PM10,23,0.1202190458798477,0.9378461277463918,False,computed
minimal_corrected,2020-2022,4-12,ADV,NO2,23,0.1727302035447833,0.8859133474068429,False,computed
minimal_corrected,2020-2022,4-12,ADV,SO2,23,-0.1839398332733533,0.8859133474068429,False,computed
minimal_corrected,2020-2022,4-12,ADV,O3,23,-0.0458462463101114,0.9882926147810968,False,computed
minimal_corrected,2020-2022,4-12,ADV,CO,23,0.1498384537669312,0.9190787822550938,False,computed
minimal_corrected,2020-2022,4-12,ADV,AQI,23,0.0550154955721337,0.9782570558607396,False,computed
minimal_corrected,2020-2022,4-12,PIV,windlevel,23,0.6152910043385355,0.3112268055763185,False,computed
minimal_corrected,2020-2022,4-12,PIV,temp,23,-0.1252628266161513,0.934795415091642,False,computed
minimal_corrected,2020-2022,4-12,PIV,humi,23,0.1112333900351423,0.939142344872617,False,computed
minimal_corrected,2020-2022,4-12,PIV,PM2.5,23,-0.0340714888395931,0.9976213999135164,False,computed
minimal_corrected,2020-2022,4-12,PIV,PM10,23,-0.043090412355956,0.9882926147810968,False,computed
minimal_corrected,2020-2022,4-12,PIV,NO2,23,0.2992015525182538,0.7679172456256808,False,computed
minimal_corrected,2020-2022,4-12,PIV,SO2,23,-0.3844013245921284,0.6755388392251825,False,computed
minimal_corrected,2020-2022,4-12,PIV,O3,23,-0.3487317092993653,0.7221533391026016,False,computed
minimal_corrected,2020-2022,4-12,PIV,CO,23,0.1368546393051452,0.9332012195169388,False,computed
minimal_corrected,2020-2022,4-12,PIV,AQI,23,-0.2675613976520992,0.8135986772117402,False,computed
minimal_corrected,2020-2022,4-12,HRV,windlevel,23,0.4185816782097995,0.6328728615023584,False,computed
minimal_corrected,2020-2022,4-12,HRV,temp,23,0.31331851710155,0.7583899253282129,False,computed
minimal_corrected,2020-2022,4-12,HRV,humi,23,0.0583148028674809,0.9755035178187688,False,computed
minimal_corrected,2020-2022,4-12,HRV,PM2.5,23,-0.390906856509978,0.6421466541564022,False,computed
minimal_corrected,2020-2022,4-12,HRV,PM10,23,-0.3335804401317764,0.746356689579248,False,computed
minimal_corrected,2020-2022,4-12,HRV,NO2,23,-0.3252595155709343,0.7583899253282129,False,computed
minimal_corrected,2020-2022,4-12,HRV,SO2,23,-0.1304992585269401,0.9332012195169388,False,computed
minimal_corrected,2020-2022,4-12,HRV,O3,23,-0.1433160409455039,0.9300083781559384,False,computed
minimal_corrected,2020-2022,4-12,HRV,CO,23,-0.0788627959822453,0.9591994268329904,False,computed
minimal_corrected,2020-2022,4-12,HRV,AQI,23,-0.2866320818910079,0.7794360268525721,False,computed
minimal_corrected,2020-2022,4-12,MP,windlevel,23,0.1628619877218892,0.9044106291413172,False,computed
minimal_corrected,2020-2022,4-12,MP,temp,23,0.2552166514910092,0.8135986772117402,False,computed
minimal_corrected,2020-2022,4-12,MP,humi,23,-0.1598828050196594,0.9044106291413172,False,computed
minimal_corrected,2020-2022,4-12,MP,PM2.5,23,-0.3277100972452648,0.7583899253282129,False,computed
minimal_corrected,2020-2022,4-12,MP,PM10,23,-0.1966260583471588,0.8835328352059227,False,computed
minimal_corrected,2020-2022,4-12,MP,NO2,23,-0.1728352984714114,0.8859133474068429,False,computed
minimal_corrected,2020-2022,4-12,MP,SO2,23,-0.5954871346759262,0.3198390031920204,False,computed
minimal_corrected,2020-2022,4-12,MP,O3,23,0.0903685419676336,0.9563749963247388,False,computed
minimal_corrected,2020-2022,4-12,MP,CO,23,-0.4436209266536799,0.6328728615023584,False,computed
minimal_corrected,2020-2022,4-12,MP,AQI,23,0.0417085578312155,0.9882926147810968,False,computed
minimal_corrected,2020-2022,4-12,HMPV,windlevel,23,-0.0789099149427171,0.9591994268329904,False,computed
minimal_corrected,2020-2022,4-12,HMPV,temp,23,-0.0463862337838945,0.9882926147810968,False,computed
minimal_corrected,2020-2022,4-12,HMPV,humi,23,0.3577604927470484,0.7190997631417492,False,computed
minimal_corrected,2020-2022,4-12,HMPV,PM2.5,23,0.1093008956976824,0.939142344872617,False,computed
minimal_corrected,2020-2022,4-12,HMPV,PM10,23,0.0767772145388598,0.9591994268329904,False,computed
minimal_corrected,2020-2022,4-12,HMPV,NO2,23,0.5309069821242894,0.5335460061053979,False,computed
minimal_corrected,2020-2022,4-12,HMPV,SO2,23,-0.3093179805445383,0.7583899253282129,False,computed
minimal_corrected,2020-2022,4-12,HMPV,O3,23,0.1087677205967181,0.939142344872617,False,computed
minimal_corrected,2020-2022,4-12,HMPV,CO,23,0.0440086946298108,0.9882926147810968,False,computed
minimal_corrected,2020-2022,4-12,HMPV,AQI,23,0.2575235737657592,0.8135986772117402,False,computed
minimal_corrected,2020-2022,4-12,HBOV,windlevel,23,0.560439466268299,0.4207936979710758,False,computed
minimal_corrected,2020-2022,4-12,HBOV,temp,23,-0.0394248542288305,0.9882926147810968,False,computed
minimal_corrected,2020-2022,4-12,HBOV,humi,23,-0.4555087003977192,0.6328728615023584,False,computed
minimal_corrected,2020-2022,4-12,HBOV,PM2.5,23,-0.0291137385074441,0.9976213999135164,False,computed
minimal_corrected,2020-2022,4-12,HBOV,PM10,23,0.2383687340296985,0.8253656195209351,False,computed
minimal_corrected,2020-2022,4-12,HBOV,NO2,23,0.1704787970428156,0.8904716212835968,False,computed
minimal_corrected,2020-2022,4-12,HBOV,SO2,23,-0.4619914731249258,0.6328728615023584,False,computed
minimal_corrected,2020-2022,4-12,HBOV,O3,23,0.0776366360198509,0.9591994268329904,False,computed
minimal_corrected,2020-2022,4-12,HBOV,CO,23,-0.1790166534004909,0.8859133474068429,False,computed
minimal_corrected,2020-2022,4-12,HBOV,AQI,23,0.1043242296516747,0.9467903618936312,False,computed
minimal_corrected,2020-2022,13-17,FluA,windlevel,0,,,False,low_n_blank
minimal_corrected,2020-2022,13-17,FluA,temp,0,,,False,low_n_blank
minimal_corrected,2020-2022,13-17,FluA,humi,0,,,False,low_n_blank
minimal_corrected,2020-2022,13-17,FluA,PM2.5,0,,,False,low_n_blank
minimal_corrected,2020-2022,13-17,FluA,PM10,0,,,False,low_n_blank
minimal_corrected,2020-2022,13-17,FluA,NO2,0,,,False,low_n_blank
minimal_corrected,2020-2022,13-17,FluA,SO2,0,,,False,low_n_blank
minimal_corrected,2020-2022,13-17,FluA,O3,0,,,False,low_n_blank
minimal_corrected,2020-2022,13-17,FluA,CO,0,,,False,low_n_blank
minimal_corrected,2020-2022,13-17,FluA,AQI,0,,,False,low_n_blank
minimal_corrected,2020-2022,13-17,FluB,windlevel,0,,,False,low_n_blank
minimal_corrected,2020-2022,13-17,FluB,temp,0,,,False,low_n_blank
minimal_corrected,2020-2022,13-17,FluB,humi,0,,,False,low_n_blank
minimal_corrected,2020-2022,13-17,FluB,PM2.5,0,,,False,low_n_blank
minimal_corrected,2020-2022,13-17,FluB,PM10,0,,,False,low_n_blank
minimal_corrected,2020-2022,13-17,FluB,NO2,0,,,False,low_n_blank
minimal_corrected,2020-2022,13-17,FluB,SO2,0,,,False,low_n_blank
minimal_corrected,2020-2022,13-17,FluB,O3,0,,,False,low_n_blank
minimal_corrected,2020-2022,13-17,FluB,CO,0,,,False,low_n_blank
minimal_corrected,2020-2022,13-17,FluB,AQI,0,,,False,low_n_blank
minimal_corrected,2020-2022,13-17,RSV,windlevel,0,,,False,low_n_blank
minimal_corrected,2020-2022,13-17,RSV,temp,0,,,False,low_n_blank
minimal_corrected,2020-2022,13-17,RSV,humi,0,,,False,low_n_blank
minimal_corrected,2020-2022,13-17,RSV,PM2.5,0,,,False,low_n_blank
minimal_corrected,2020-2022,13-17,RSV,PM10,0,,,False,low_n_blank
minimal_corrected,2020-2022,13-17,RSV,NO2,0,,,False,low_n_blank
minimal_corrected,2020-2022,13-17,RSV,SO2,0,,,False,low_n_blank
minimal_corrected,2020-2022,13-17,RSV,O3,0,,,False,low_n_blank
minimal_corrected,2020-2022,13-17,RSV,CO,0,,,False,low_n_blank
minimal_corrected,2020-2022,13-17,RSV,AQI,0,,,False,low_n_blank
minimal_corrected,2020-2022,13-17,ADV,windlevel,0,,,False,low_n_blank
minimal_corrected,2020-2022,13-17,ADV,temp,0,,,False,low_n_blank
minimal_corrected,2020-2022,13-17,ADV,humi,0,,,False,low_n_blank
minimal_corrected,2020-2022,13-17,ADV,PM2.5,0,,,False,low_n_blank
minimal_corrected,2020-2022,13-17,ADV,PM10,0,,,False,low_n_blank
minimal_corrected,2020-2022,13-17,ADV,NO2,0,,,False,low_n_blank
minimal_corrected,2020-2022,13-17,ADV,SO2,0,,,False,low_n_blank
minimal_corrected,2020-2022,13-17,ADV,O3,0,,,False,low_n_blank
minimal_corrected,2020-2022,13-17,ADV,CO,0,,,False,low_n_blank
minimal_corrected,2020-2022,13-17,ADV,AQI,0,,,False,low_n_blank
minimal_corrected,2020-2022,13-17,PIV,windlevel,0,,,False,low_n_blank
minimal_corrected,2020-2022,13-17,PIV,temp,0,,,False,low_n_blank
minimal_corrected,2020-2022,13-17,PIV,humi,0,,,False,low_n_blank
minimal_corrected,2020-2022,13-17,PIV,PM2.5,0,,,False,low_n_blank
minimal_corrected,2020-2022,13-17,PIV,PM10,0,,,False,low_n_blank
minimal_corrected,2020-2022,13-17,PIV,NO2,0,,,False,low_n_blank
minimal_corrected,2020-2022,13-17,PIV,SO2,0,,,False,low_n_blank
minimal_corrected,2020-2022,13-17,PIV,O3,0,,,False,low_n_blank
minimal_corrected,2020-2022,13-17,PIV,CO,0,,,False,low_n_blank
minimal_corrected,2020-2022,13-17,PIV,AQI,0,,,False,low_n_blank
minimal_corrected,2020-2022,13-17,HRV,windlevel,0,,,False,low_n_blank
minimal_corrected,2020-2022,13-17,HRV,temp,0,,,False,low_n_blank
minimal_corrected,2020-2022,13-17,HRV,humi,0,,,False,low_n_blank
minimal_corrected,2020-2022,13-17,HRV,PM2.5,0,,,False,low_n_blank
minimal_corrected,2020-2022,13-17,HRV,PM10,0,,,False,low_n_blank
minimal_corrected,2020-2022,13-17,HRV,NO2,0,,,False,low_n_blank
minimal_corrected,2020-2022,13-17,HRV,SO2,0,,,False,low_n_blank
minimal_corrected,2020-2022,13-17,HRV,O3,0,,,False,low_n_blank
minimal_corrected,2020-2022,13-17,HRV,CO,0,,,False,low_n_blank
minimal_corrected,2020-2022,13-17,HRV,AQI,0,,,False,low_n_blank
minimal_corrected,2020-2022,13-17,MP,windlevel,0,,,False,low_n_blank
minimal_corrected,2020-2022,13-17,MP,temp,0,,,False,low_n_blank
minimal_corrected,2020-2022,13-17,MP,humi,0,,,False,low_n_blank
minimal_corrected,2020-2022,13-17,MP,PM2.5,0,,,False,low_n_blank
minimal_corrected,2020-2022,13-17,MP,PM10,0,,,False,low_n_blank
minimal_corrected,2020-2022,13-17,MP,NO2,0,,,False,low_n_blank
minimal_corrected,2020-2022,13-17,MP,SO2,0,,,False,low_n_blank
minimal_corrected,2020-2022,13-17,MP,O3,0,,,False,low_n_blank
minimal_corrected,2020-2022,13-17,MP,CO,0,,,False,low_n_blank
minimal_corrected,2020-2022,13-17,MP,AQI,0,,,False,low_n_blank
minimal_corrected,2020-2022,13-17,HMPV,windlevel,0,,,False,low_n_blank
minimal_corrected,2020-2022,13-17,HMPV,temp,0,,,False,low_n_blank
minimal_corrected,2020-2022,13-17,HMPV,humi,0,,,False,low_n_blank
minimal_corrected,2020-2022,13-17,HMPV,PM2.5,0,,,False,low_n_blank
minimal_corrected,2020-2022,13-17,HMPV,PM10,0,,,False,low_n_blank
minimal_corrected,2020-2022,13-17,HMPV,NO2,0,,,False,low_n_blank
minimal_corrected,2020-2022,13-17,HMPV,SO2,0,,,False,low_n_blank
minimal_corrected,2020-2022,13-17,HMPV,O3,0,,,False,low_n_blank
minimal_corrected,2020-2022,13-17,HMPV,CO,0,,,False,low_n_blank
minimal_corrected,2020-2022,13-17,HMPV,AQI,0,,,False,low_n_blank
minimal_corrected,2020-2022,13-17,HBOV,windlevel,0,,,False,low_n_blank
minimal_corrected,2020-2022,13-17,HBOV,temp,0,,,False,low_n_blank
minimal_corrected,2020-2022,13-17,HBOV,humi,0,,,False,low_n_blank
minimal_corrected,2020-2022,13-17,HBOV,PM2.5,0,,,False,low_n_blank
minimal_corrected,2020-2022,13-17,HBOV,PM10,0,,,False,low_n_blank
minimal_corrected,2020-2022,13-17,HBOV,NO2,0,,,False,low_n_blank
minimal_corrected,2020-2022,13-17,HBOV,SO2,0,,,False,low_n_blank
minimal_corrected,2020-2022,13-17,HBOV,O3,0,,,False,low_n_blank
minimal_corrected,2020-2022,13-17,HBOV,CO,0,,,False,low_n_blank
minimal_corrected,2020-2022,13-17,HBOV,AQI,0,,,False,low_n_blank
minimal_corrected,2020-2022,18-44,FluA,windlevel,15,-0.4445987710586824,0.7210187647499596,False,computed
minimal_corrected,2020-2022,18-44,FluA,temp,15,-0.1100038196433853,0.9591994268329904,False,computed
minimal_corrected,2020-2022,18-44,FluA,humi,15,0.2016736693462064,0.9044106291413172,False,computed
minimal_corrected,2020-2022,18-44,FluA,PM2.5,15,0.0091669849702821,0.9976213999135164,False,computed
minimal_corrected,2020-2022,18-44,FluA,PM10,15,-0.2795930415936044,0.8438763857551281,False,computed
minimal_corrected,2020-2022,18-44,FluA,NO2,15,-0.2979270115341686,0.836462405213503,False,computed
minimal_corrected,2020-2022,18-44,FluA,SO2,15,0.0,1.0,False,computed
minimal_corrected,2020-2022,18-44,FluA,O3,15,-0.2887600265638865,0.8405202015628284,False,computed
minimal_corrected,2020-2022,18-44,FluA,CO,15,-0.1215711450226373,0.9531373877823126,False,computed
minimal_corrected,2020-2022,18-44,FluA,AQI,15,-0.2933435190490275,0.8365190647470069,False,computed
minimal_corrected,2020-2022,18-44,FluB,windlevel,15,-0.081348921681996,0.9647621969615572,False,computed
minimal_corrected,2020-2022,18-44,FluB,temp,15,-0.108465228909328,0.9591994268329904,False,computed
minimal_corrected,2020-2022,18-44,FluB,humi,15,0.6275488244039695,0.5722442358293857,False,computed
minimal_corrected,2020-2022,18-44,FluB,PM2.5,15,0.0852226798573292,0.9638876098082352,False,computed
minimal_corrected,2020-2022,18-44,FluB,PM10,15,-0.1317077779613269,0.9494274477986764,False,computed
minimal_corrected,2020-2022,18-44,FluB,NO2,15,0.0639170098929969,0.984033602640577,False,computed
minimal_corrected,2020-2022,18-44,FluB,SO2,15,0.166720525665218,0.9332012195169388,False,computed
minimal_corrected,2020-2022,18-44,FluB,O3,15,-0.1704453597146584,0.9332012195169388,False,computed
minimal_corrected,2020-2022,18-44,FluB,CO,15,0.0048465269088726,0.9976213999135164,False,computed
minimal_corrected,2020-2022,18-44,FluB,AQI,15,-0.0522957353669974,0.9882926147810968,False,computed
minimal_corrected,2020-2022,18-44,RSV,windlevel,15,-0.2293990119977401,0.8859133474068429,False,computed
minimal_corrected,2020-2022,18-44,RSV,temp,15,0.5916079783099616,0.6328728615023584,False,computed
minimal_corrected,2020-2022,18-44,RSV,humi,15,0.0845154254728516,0.9638876098082352,False,computed
minimal_corrected,2020-2022,18-44,RSV,PM2.5,15,-0.4165403112590545,0.7520130886837778,False,computed
minimal_corrected,2020-2022,18-44,RSV,PM10,15,-0.368245782417425,0.7679172456256808,False,computed
minimal_corrected,2020-2022,18-44,RSV,NO2,15,-0.2293990119977401,0.8859133474068429,False,computed
minimal_corrected,2020-2022,18-44,RSV,SO2,15,-0.2265830005916858,0.8859133474068429,False,computed
minimal_corrected,2020-2022,18-44,RSV,O3,15,-0.0422577127364258,0.9976213999135164,False,computed
minimal_corrected,2020-2022,18-44,RSV,CO,15,-0.4894192812780413,0.6421466541564022,False,computed
minimal_corrected,2020-2022,18-44,RSV,AQI,15,-0.2233621958925365,0.8859133474068429,False,computed
minimal_corrected,2020-2022,18-44,ADV,windlevel,15,-0.0170097302225024,0.9976213999135164,False,computed
minimal_corrected,2020-2022,18-44,ADV,temp,15,-0.4698937973966312,0.7014822508045261,False,computed
minimal_corrected,2020-2022,18-44,ADV,humi,15,-0.0297670278893793,0.9976213999135164,False,computed
minimal_corrected,2020-2022,18-44,ADV,PM2.5,15,0.2551459533375373,0.8835328352059227,False,computed
minimal_corrected,2020-2022,18-44,ADV,PM10,15,0.0063786488334384,0.9976213999135164,False,computed
minimal_corrected,2020-2022,18-44,ADV,NO2,15,0.2338837905594092,0.8859133474068429,False,computed
minimal_corrected,2020-2022,18-44,ADV,SO2,15,0.2809114745584002,0.8438763857551281,False,computed
minimal_corrected,2020-2022,18-44,ADV,O3,15,-0.1020583813350149,0.9591994268329904,False,computed
minimal_corrected,2020-2022,18-44,ADV,CO,15,0.2904880021001639,0.8387762092587974,False,computed
minimal_corrected,2020-2022,18-44,ADV,AQI,15,-0.0850486511125124,0.9638876098082352,False,computed
minimal_corrected,2020-2022,18-44,PIV,windlevel,15,-0.2501824152012135,0.8835328352059227,False,computed
minimal_corrected,2020-2022,18-44,PIV,temp,15,-0.3191102234709356,0.8135986772117402,False,computed
minimal_corrected,2020-2022,18-44,PIV,humi,15,0.0919037443596294,0.9638876098082352,False,computed
minimal_corrected,2020-2022,18-44,PIV,PM2.5,15,0.1710430797804215,0.9332012195169388,False,computed
minimal_corrected,2020-2022,18-44,PIV,PM10,15,-0.0051057635755349,0.9976213999135164,False,computed
minimal_corrected,2020-2022,18-44,PIV,NO2,15,0.0561633993308846,0.9882926147810968,False,computed
minimal_corrected,2020-2022,18-44,PIV,SO2,15,0.1456443596148328,0.939142344872617,False,computed
minimal_corrected,2020-2022,18-44,PIV,O3,15,-0.2221007155357711,0.8859133474068429,False,computed
minimal_corrected,2020-2022,18-44,PIV,CO,15,0.3168403612673555,0.8135986772117402,False,computed
minimal_corrected,2020-2022,18-44,PIV,AQI,15,-0.0970095079351644,0.9591994268329904,False,computed
minimal_corrected,2020-2022,18-44,HRV,windlevel,15,0.0664573230774576,0.9782570558607396,False,computed
minimal_corrected,2020-2022,18-44,HRV,temp,15,-0.0424588452994868,0.9976213999135164,False,computed
minimal_corrected,2020-2022,18-44,HRV,humi,15,0.5076601068416907,0.6328728615023584,False,computed
minimal_corrected,2020-2022,18-44,HRV,PM2.5,15,-0.0996859846161865,0.9591994268329904,False,computed
minimal_corrected,2020-2022,18-44,HRV,PM10,15,-0.2436768512840115,0.8859133474068429,False,computed
minimal_corrected,2020-2022,18-44,HRV,NO2,15,0.2030640427366763,0.9044106291413172,False,computed
minimal_corrected,2020-2022,18-44,HRV,SO2,15,-0.1995502186816853,0.9044106291413172,False,computed
minimal_corrected,2020-2022,18-44,HRV,O3,15,-0.5242744376110552,0.6328728615023584,False,computed
minimal_corrected,2020-2022,18-44,HRV,CO,15,0.0295629953602496,0.9976213999135164,False,computed
minimal_corrected,2020-2022,18-44,HRV,AQI,15,-0.4190503427384138,0.746356689579248,False,computed
minimal_corrected,2020-2022,18-44,MP,windlevel,15,-0.1532806447957078,0.9378461277463918,False,computed
minimal_corrected,2020-2022,18-44,MP,temp,15,-0.0121011035365032,0.9976213999135164,False,computed
minimal_corrected,2020-2022,18-44,MP,humi,15,0.0383201611989269,0.9976213999135164,False,computed
minimal_corrected,2020-2022,18-44,MP,PM2.5,15,-0.203701909531138,0.9044106291413172,False,computed
minimal_corrected,2020-2022,18-44,MP,PM10,15,-0.425555474367031,0.7450549291774112,False,computed
minimal_corrected,2020-2022,18-44,MP,NO2,15,-0.3045444390019984,0.8253656195209351,False,computed
minimal_corrected,2020-2022,18-44,MP,SO2,15,0.1402964366117582,0.939142344872617,False,computed
minimal_corrected,2020-2022,18-44,MP,O3,15,-0.4638756355659578,0.7111829783381346,False,computed
minimal_corrected,2020-2022,18-44,MP,CO,15,0.0413824021660581,0.9976213999135164,False,computed
minimal_corrected,2020-2022,18-44,MP,AQI,15,-0.522364302659057,0.6328728615023584,False,computed
minimal_corrected,2020-2022,18-44,HMPV,windlevel,15,-0.2941253818692638,0.8365190647470069,False,computed
minimal_corrected,2020-2022,18-44,HMPV,temp,15,-0.1410190187044415,0.939142344872617,False,computed
minimal_corrected,2020-2022,18-44,HMPV,humi,15,0.3384456448906597,0.8135986772117402,False,computed
minimal_corrected,2020-2022,18-44,HMPV,PM2.5,15,0.2256304299271064,0.8859133474068429,False,computed
minimal_corrected,2020-2022,18-44,HMPV,PM10,15,0.0886405260427918,0.9638876098082352,False,computed
minimal_corrected,2020-2022,18-44,HMPV,NO2,15,0.161164592805076,0.934795415091642,False,computed
minimal_corrected,2020-2022,18-44,HMPV,SO2,15,0.0322617365538621,0.9976213999135164,False,computed
minimal_corrected,2020-2022,18-44,HMPV,O3,15,-0.0846114112226649,0.9638876098082352,False,computed
minimal_corrected,2020-2022,18-44,HMPV,CO,15,-0.0504089633654096,0.9882926147810968,False,computed
minimal_corrected,2020-2022,18-44,HMPV,AQI,15,0.040291148201269,0.9976213999135164,False,computed
minimal_corrected,2020-2022,18-44,HBOV,windlevel,15,-0.3711537444790451,0.7679172456256808,False,computed
minimal_corrected,2020-2022,18-44,HBOV,temp,15,-0.3092947870658709,0.8253656195209351,False,computed
minimal_corrected,2020-2022,18-44,HBOV,humi,15,-0.1237179148263483,0.9531373877823126,False,computed
minimal_corrected,2020-2022,18-44,HBOV,PM2.5,15,0.1237179148263483,0.9531373877823126,False,computed
minimal_corrected,2020-2022,18-44,HBOV,PM10,15,-0.0618589574131741,0.9861071227338066,False,computed
minimal_corrected,2020-2022,18-44,HBOV,NO2,15,-0.4330127018922193,0.7265560942078351,False,computed
minimal_corrected,2020-2022,18-44,HBOV,SO2,15,0.2476570508230826,0.8835328352059227,False,computed
minimal_corrected,2020-2022,18-44,HBOV,O3,15,0.1237179148263483,0.9531373877823126,False,computed
minimal_corrected,2020-2022,18-44,HBOV,CO,15,0.0619142627057706,0.9861071227338066,False,computed
minimal_corrected,2020-2022,18-44,HBOV,AQI,15,0.0,1.0,False,computed
minimal_corrected,2020-2022,45-59,FluA,windlevel,16,-0.3110450603386316,0.8135986772117402,False,computed
minimal_corrected,2020-2022,45-59,FluA,temp,16,-0.0309113103442118,0.9976213999135164,False,computed
minimal_corrected,2020-2022,45-59,FluA,humi,16,0.2936574482700125,0.8253656195209351,False,computed
minimal_corrected,2020-2022,45-59,FluA,PM2.5,16,-0.1217132844803341,0.9531207378481488,False,computed
minimal_corrected,2020-2022,45-59,FluA,PM10,16,-0.3651398534410024,0.7679172456256808,False,computed
minimal_corrected,2020-2022,45-59,FluA,NO2,16,-0.2994533189595522,0.8253656195209351,False,computed
minimal_corrected,2020-2022,45-59,FluA,SO2,16,-0.1846376965788112,0.9189719479395074,False,computed
minimal_corrected,2020-2022,45-59,FluA,O3,16,-0.4250305172329128,0.7221533391026016,False,computed
minimal_corrected,2020-2022,45-59,FluA,CO,16,-0.202187048530499,0.9044106291413172,False,computed
minimal_corrected,2020-2022,45-59,FluA,AQI,16,-0.3728676810270554,0.7583899253282129,False,computed
minimal_corrected,2020-2022,45-59,FluB,windlevel,16,0.1400280084028009,0.939142344872617,False,computed
minimal_corrected,2020-2022,45-59,FluB,temp,16,-0.0840168050416805,0.9638876098082352,False,computed
minimal_corrected,2020-2022,45-59,FluB,humi,16,-0.1400280084028009,0.939142344872617,False,computed
minimal_corrected,2020-2022,45-59,FluB,PM2.5,16,0.2520504151250418,0.8783539061142684,False,computed
minimal_corrected,2020-2022,45-59,FluB,PM10,16,0.3080616184861621,0.8135986772117402,False,computed
minimal_corrected,2020-2022,45-59,FluB,NO2,16,0.3080616184861621,0.8135986772117402,False,computed
minimal_corrected,2020-2022,45-59,FluB,SO2,16,0.0280262167747618,0.9976213999135164,False,computed
minimal_corrected,2020-2022,45-59,FluB,O3,16,0.1960392117639214,0.9044106291413172,False,computed
minimal_corrected,2020-2022,45-59,FluB,CO,16,-0.1963281422254465,0.9044106291413172,False,computed
minimal_corrected,2020-2022,45-59,FluB,AQI,16,0.2520504151250418,0.8783539061142684,False,computed
minimal_corrected,2020-2022,45-59,RSV,windlevel,16,-0.0560267499988839,0.9882926147810968,False,computed
minimal_corrected,2020-2022,45-59,RSV,temp,16,-0.3902552930956745,0.7583899253282129,False,computed
minimal_corrected,2020-2022,45-59,RSV,humi,16,0.0154556551721059,0.9976213999135164,False,computed
minimal_corrected,2020-2022,45-59,RSV,PM2.5,16,0.282065706890933,0.8365190647470069,False,computed
minimal_corrected,2020-2022,45-59,RSV,PM10,16,0.1236452413768473,0.9512843680799348,False,computed
minimal_corrected,2020-2022,45-59,RSV,NO2,16,0.3400244137863302,0.7905613522817263,False,computed
minimal_corrected,2020-2022,45-59,RSV,SO2,16,0.0589680601639135,0.9861071227338066,False,computed
minimal_corrected,2020-2022,45-59,RSV,O3,16,-0.2724059224083668,0.8438763857551281,False,computed
minimal_corrected,2020-2022,45-59,RSV,CO,16,0.5282015717591028,0.6328728615023584,False,computed
minimal_corrected,2020-2022,45-59,RSV,AQI,16,-0.0521628362058574,0.9882926147810968,False,computed
minimal_corrected,2020-2022,45-59,ADV,windlevel,16,0.241612848228091,0.8835328352059227,False,computed
minimal_corrected,2020-2022,45-59,ADV,temp,16,-0.198467696758789,0.9044106291413172,False,computed
minimal_corrected,2020-2022,45-59,ADV,humi,16,-0.1941531816118588,0.9044106291413172,False,computed
minimal_corrected,2020-2022,45-59,ADV,PM2.5,16,0.0043145151469301,0.9976213999135164,False,computed
minimal_corrected,2020-2022,45-59,ADV,PM10,16,-0.0129435454407905,0.9976213999135164,False,computed
minimal_corrected,2020-2022,45-59,ADV,NO2,16,0.0086290302938603,0.9976213999135164,False,computed
minimal_corrected,2020-2022,45-59,ADV,SO2,16,-0.1899784078651285,0.9044106291413172,False,computed
minimal_corrected,2020-2022,45-59,ADV,O3,16,-0.1596370604364172,0.9332012195169388,False,computed
minimal_corrected,2020-2022,45-59,ADV,CO,16,0.1620327769720161,0.9332012195169388,False,computed
minimal_corrected,2020-2022,45-59,ADV,AQI,16,-0.0949193332324643,0.9591994268329904,False,computed
minimal_corrected,2020-2022,45-59,PIV,windlevel,16,0.1328817633281936,0.939142344872617,False,computed
minimal_corrected,2020-2022,45-59,PIV,temp,16,-0.0129640744710432,0.9976213999135164,False,computed
minimal_corrected,2020-2022,45-59,PIV,humi,16,0.1490868564169978,0.9378461277463918,False,computed
minimal_corrected,2020-2022,45-59,PIV,PM2.5,16,-0.1620509308880411,0.9332012195169388,False,computed
minimal_corrected,2020-2022,45-59,PIV,PM10,16,-0.1037125957683463,0.9591994268329904,False,computed
minimal_corrected,2020-2022,45-59,PIV,NO2,16,-0.0032410186177608,0.9976213999135164,False,computed
minimal_corrected,2020-2022,45-59,PIV,SO2,16,-0.3600178829978676,0.7679172456256808,False,computed
minimal_corrected,2020-2022,45-59,PIV,O3,16,-0.1685329681235627,0.9332012195169388,False,computed
minimal_corrected,2020-2022,45-59,PIV,CO,16,0.0146060791250884,0.9976213999135164,False,computed
minimal_corrected,2020-2022,45-59,PIV,AQI,16,-0.1166766702393895,0.9531373877823126,False,computed
minimal_corrected,2020-2022,45-59,HRV,windlevel,16,0.3065220519862366,0.8135986772117402,False,computed
minimal_corrected,2020-2022,45-59,HRV,temp,16,-0.3276615038473564,0.8135986772117402,False,computed
minimal_corrected,2020-2022,45-59,HRV,humi,16,0.2687730308056656,0.8438763857551281,False,computed
minimal_corrected,2020-2022,45-59,HRV,PM2.5,16,0.0060398433888913,0.9976213999135164,False,computed
minimal_corrected,2020-2022,45-59,HRV,PM10,16,-0.1962949101389692,0.9044106291413172,False,computed
minimal_corrected,2020-2022,45-59,HRV,NO2,16,0.4424185282362922,0.7190997631417492,False,computed
minimal_corrected,2020-2022,45-59,HRV,SO2,16,-0.1926617231729848,0.9044106291413172,False,computed
minimal_corrected,2020-2022,45-59,HRV,O3,16,-0.4967771187363146,0.6328728615023584,False,computed
minimal_corrected,2020-2022,45-59,HRV,CO,16,0.2419498061034169,0.8835328352059227,False,computed
minimal_corrected,2020-2022,45-59,HRV,AQI,16,-0.3548407990973675,0.7679172456256808,False,computed
minimal_corrected,2020-2022,45-59,MP,windlevel,16,-0.3080616184861621,0.8135986772117402,False,computed
minimal_corrected,2020-2022,45-59,MP,temp,16,-0.3080616184861621,0.8135986772117402,False,computed
minimal_corrected,2020-2022,45-59,MP,humi,16,-0.0840168050416805,0.9638876098082352,False,computed
minimal_corrected,2020-2022,45-59,MP,PM2.5,16,0.0840168050416805,0.9638876098082352,False,computed
minimal_corrected,2020-2022,45-59,MP,PM10,16,-0.0840168050416805,0.9638876098082352,False,computed
minimal_corrected,2020-2022,45-59,MP,NO2,16,-0.4200840252084029,0.7221533391026016,False,computed
minimal_corrected,2020-2022,45-59,MP,SO2,16,0.140131083873809,0.939142344872617,False,computed
minimal_corrected,2020-2022,45-59,MP,O3,16,0.0840168050416805,0.9638876098082352,False,computed
minimal_corrected,2020-2022,45-59,MP,CO,16,-0.028046877460778,0.9976213999135164,False,computed
minimal_corrected,2020-2022,45-59,MP,AQI,16,-0.0280056016805601,0.9976213999135164,False,computed
minimal_corrected,2020-2022,45-59,HMPV,windlevel,16,0.2459273633750212,0.8835328352059227,False,computed
minimal_corrected,2020-2022,45-59,HMPV,temp,16,-0.1639515755833474,0.9332012195169388,False,computed
minimal_corrected,2020-2022,45-59,HMPV,humi,16,0.1898386664649286,0.9044106291413172,False,computed
minimal_corrected,2020-2022,45-59,HMPV,PM2.5,16,0.2674999391096722,0.8438763857551281,False,computed
minimal_corrected,2020-2022,45-59,HMPV,PM10,16,0.3710483026359969,0.7583899253282129,False,computed
minimal_corrected,2020-2022,45-59,HMPV,NO2,16,0.6126611508640879,0.5722442358293857,False,computed
minimal_corrected,2020-2022,45-59,HMPV,SO2,16,-0.1165776593717834,0.9531373877823126,False,computed
minimal_corrected,2020-2022,45-59,HMPV,O3,16,0.0129435454407905,0.9976213999135164,False,computed
minimal_corrected,2020-2022,45-59,HMPV,CO,16,0.1944393323664194,0.9044106291413172,False,computed
minimal_corrected,2020-2022,45-59,HMPV,AQI,16,0.1596370604364172,0.9332012195169388,False,computed
minimal_corrected,2020-2022,45-59,HBOV,windlevel,16,,,False,constant_blank
minimal_corrected,2020-2022,45-59,HBOV,temp,16,,,False,constant_blank
minimal_corrected,2020-2022,45-59,HBOV,humi,16,,,False,constant_blank
minimal_corrected,2020-2022,45-59,HBOV,PM2.5,16,,,False,constant_blank
minimal_corrected,2020-2022,45-59,HBOV,PM10,16,,,False,constant_blank
minimal_corrected,2020-2022,45-59,HBOV,NO2,16,,,False,constant_blank
minimal_corrected,2020-2022,45-59,HBOV,SO2,16,,,False,constant_blank
minimal_corrected,2020-2022,45-59,HBOV,O3,16,,,False,constant_blank
minimal_corrected,2020-2022,45-59,HBOV,CO,16,,,False,constant_blank
minimal_corrected,2020-2022,45-59,HBOV,AQI,16,,,False,constant_blank
minimal_corrected,2020-2022,60-74,FluA,windlevel,23,-0.3585913449253059,0.7190997631417492,False,computed
minimal_corrected,2020-2022,60-74,FluA,temp,23,0.1786113378349329,0.8859133474068429,False,computed
minimal_corrected,2020-2022,60-74,FluA,humi,23,0.2258304271476163,0.8411173217905498,False,computed
minimal_corrected,2020-2022,60-74,FluA,PM2.5,23,-0.2313051041693767,0.8365190647470069,False,computed
minimal_corrected,2020-2022,60-74,FluA,PM10,23,-0.3729623721074269,0.7111829783381346,False,computed
minimal_corrected,2020-2022,60-74,FluA,NO2,23,-0.2812615319929403,0.7905613522817263,False,computed
minimal_corrected,2020-2022,60-74,FluA,SO2,23,-0.2744860019000731,0.8060981044219214,False,computed
minimal_corrected,2020-2022,60-74,FluA,O3,23,-0.1420345271677436,0.9332012195169388,False,computed
minimal_corrected,2020-2022,60-74,FluA,CO,23,-0.3063154260605554,0.7583899253282129,False,computed
minimal_corrected,2020-2022,60-74,FluA,AQI,23,-0.2464213483392178,0.8252715757408816,False,computed
minimal_corrected,2020-2022,60-74,FluB,windlevel,23,-0.2242978132575316,0.8438763857551281,False,computed
minimal_corrected,2020-2022,60-74,FluB,temp,23,-0.2727946377456466,0.8130038274388199,False,computed
minimal_corrected,2020-2022,60-74,FluB,humi,23,0.1475111744846829,0.9243491961923838,False,computed
minimal_corrected,2020-2022,60-74,FluB,PM2.5,23,0.3940366989659339,0.6421466541564022,False,computed
minimal_corrected,2020-2022,60-74,FluB,PM10,23,0.2384427203998985,0.8253656195209351,False,computed
minimal_corrected,2020-2022,60-74,FluB,NO2,23,0.2889602459083516,0.7731492773261804,False,computed
minimal_corrected,2020-2022,60-74,FluB,SO2,23,0.0909540175690653,0.9556516925261812,False,computed
minimal_corrected,2020-2022,60-74,FluB,O3,23,0.09903881913076,0.9531207378481488,False,computed
minimal_corrected,2020-2022,60-74,FluB,CO,23,0.3082330595396104,0.7583899253282129,False,computed
minimal_corrected,2020-2022,60-74,FluB,AQI,23,0.2385016460699936,0.8253656195209351,False,computed
minimal_corrected,2020-2022,60-74,RSV,windlevel,23,-0.2084068377732385,0.8748491441421751,False,computed
minimal_corrected,2020-2022,60-74,RSV,temp,23,-0.1155940760118772,0.939142344872617,False,computed
minimal_corrected,2020-2022,60-74,RSV,humi,23,-0.0109687809354336,0.9976213999135164,False,computed
minimal_corrected,2020-2022,60-74,RSV,PM2.5,23,0.09365651414101,0.9531373877823126,False,computed
minimal_corrected,2020-2022,60-74,RSV,PM10,23,-0.0759377141683865,0.9591994268329904,False,computed
minimal_corrected,2020-2022,60-74,RSV,NO2,23,-0.261563237691109,0.8135986772117402,False,computed
minimal_corrected,2020-2022,60-74,RSV,SO2,23,0.1021192681461953,0.9494274477986764,False,computed
minimal_corrected,2020-2022,60-74,RSV,O3,23,0.1443173128347057,0.9299862005687052,False,computed
minimal_corrected,2020-2022,60-74,RSV,CO,23,0.2936983910320328,0.7679172456256808,False,computed
minimal_corrected,2020-2022,60-74,RSV,AQI,23,0.1105588770838974,0.939142344872617,False,computed
minimal_corrected,2020-2022,60-74,ADV,windlevel,23,-0.1974380568378049,0.8835328352059227,False,computed
minimal_corrected,2020-2022,60-74,ADV,temp,23,-0.3990948755738535,0.6421466541564022,False,computed
minimal_corrected,2020-2022,60-74,ADV,humi,23,-0.0270000761487596,0.9976213999135164,False,computed
minimal_corrected,2020-2022,60-74,ADV,PM2.5,23,0.2472194472370805,0.8239549083901186,False,computed
minimal_corrected,2020-2022,60-74,ADV,PM10,23,0.0793127236869814,0.9591994268329904,False,computed
minimal_corrected,2020-2022,60-74,ADV,NO2,23,0.2978445900160049,0.7679172456256808,False,computed
minimal_corrected,2020-2022,60-74,ADV,SO2,23,0.1443173128347057,0.9299862005687052,False,computed
minimal_corrected,2020-2022,60-74,ADV,O3,23,-0.2557201508123733,0.8135986772117402,False,computed
minimal_corrected,2020-2022,60-74,ADV,CO,23,0.4160727206287131,0.6328728615023584,False,computed
minimal_corrected,2020-2022,60-74,ADV,AQI,23,-0.0759564804393188,0.9591994268329904,False,computed
minimal_corrected,2020-2022,60-74,PIV,windlevel,23,0.1346773355793315,0.9332012195169388,False,computed
minimal_corrected,2020-2022,60-74,PIV,temp,23,-0.3597007171097979,0.7190997631417492,False,computed
minimal_corrected,2020-2022,60-74,PIV,humi,23,0.2620596488147825,0.8135986772117402,False,computed
minimal_corrected,2020-2022,60-74,PIV,PM2.5,23,-0.0112231112982776,0.9976213999135164,False,computed
minimal_corrected,2020-2022,60-74,PIV,PM10,23,-0.1442169801828675,0.9299862005687052,False,computed
minimal_corrected,2020-2022,60-74,PIV,NO2,23,0.0656552010949241,0.9638876098082352,False,computed
minimal_corrected,2020-2022,60-74,PIV,SO2,23,-0.1922432777787332,0.8859133474068429,False,computed
minimal_corrected,2020-2022,60-74,PIV,O3,23,-0.498709933741327,0.5998026035689265,False,computed
minimal_corrected,2020-2022,60-74,PIV,CO,23,0.1543559164646763,0.9044106291413172,False,computed
minimal_corrected,2020-2022,60-74,PIV,AQI,23,-0.4209706812672991,0.6328728615023584,False,computed
minimal_corrected,2020-2022,60-74,HRV,windlevel,23,0.1286334848338552,0.9332012195169388,False,computed
minimal_corrected,2020-2022,60-74,HRV,temp,23,-0.3670275880008455,0.7190997631417492,False,computed
minimal_corrected,2020-2022,60-74,HRV,humi,23,0.0720148853316949,0.9638876098082352,False,computed
minimal_corrected,2020-2022,60-74,HRV,PM2.5,23,0.2408773750749798,0.8253656195209351,False,computed
minimal_corrected,2020-2022,60-74,HRV,PM10,23,0.043208931199017,0.9882926147810968,False,computed
minimal_corrected,2020-2022,60-74,HRV,NO2,23,0.244850610127763,0.8253656195209351,False,computed
minimal_corrected,2020-2022,60-74,HRV,SO2,23,-0.0834585558878565,0.9591994268329904,False,computed
minimal_corrected,2020-2022,60-74,HRV,O3,23,-0.1045715834190107,0.9467903618936312,False,computed
minimal_corrected,2020-2022,60-74,HRV,CO,23,0.499757781090379,0.5998026035689265,False,computed
minimal_corrected,2020-2022,60-74,HRV,AQI,23,-0.0007451656775701,1.0,False,computed
minimal_corrected,2020-2022,60-74,MP,windlevel,23,0.0202070102033812,0.9976213999135164,False,computed
minimal_corrected,2020-2022,60-74,MP,temp,23,-0.3273535652947759,0.7583899253282129,False,computed
minimal_corrected,2020-2022,60-74,MP,humi,23,-0.2364220193795604,0.8299333039632115,False,computed
minimal_corrected,2020-2022,60-74,MP,PM2.5,23,-0.0262691132643956,0.9976213999135164,False,computed
minimal_corrected,2020-2022,60-74,MP,PM10,23,-0.0909315459152155,0.9556516925261812,False,computed
minimal_corrected,2020-2022,60-74,MP,NO2,23,-0.0040414020406762,0.9976213999135164,False,computed
minimal_corrected,2020-2022,60-74,MP,SO2,23,-0.0525512101510155,0.9782570558607396,False,computed
minimal_corrected,2020-2022,60-74,MP,O3,23,-0.1293568249871152,0.9332012195169388,False,computed
minimal_corrected,2020-2022,60-74,MP,CO,23,0.185950435918978,0.8859133474068429,False,computed
minimal_corrected,2020-2022,60-74,MP,AQI,23,-0.1960564378710964,0.8835328352059227,False,computed
minimal_corrected,2020-2022,60-74,HMPV,windlevel,23,-0.0104663836291017,0.9976213999135164,False,computed
minimal_corrected,2020-2022,60-74,HMPV,temp,23,0.0059807906452009,0.9976213999135164,False,computed
minimal_corrected,2020-2022,60-74,HMPV,humi,23,0.0642934994359107,0.9647621969615572,False,computed
minimal_corrected,2020-2022,60-74,HMPV,PM2.5,23,-0.0134567789517022,0.9976213999135164,False,computed
minimal_corrected,2020-2022,60-74,HMPV,PM10,23,0.0194375695969032,0.9976213999135164,False,computed
minimal_corrected,2020-2022,60-74,HMPV,NO2,23,0.1525101614526254,0.911946276991848,False,computed
minimal_corrected,2020-2022,60-74,HMPV,SO2,23,0.0478581492876161,0.9861071227338066,False,computed
minimal_corrected,2020-2022,60-74,HMPV,O3,23,-0.2303173434466526,0.8365190647470069,False,computed
minimal_corrected,2020-2022,60-74,HMPV,CO,23,-0.1734857911676084,0.8859133474068429,False,computed
minimal_corrected,2020-2022,60-74,HMPV,AQI,23,-0.1779724926633225,0.8859133474068429,False,computed
minimal_corrected,2020-2022,60-74,HBOV,windlevel,23,,,False,constant_blank
minimal_corrected,2020-2022,60-74,HBOV,temp,23,,,False,constant_blank
minimal_corrected,2020-2022,60-74,HBOV,humi,23,,,False,constant_blank
minimal_corrected,2020-2022,60-74,HBOV,PM2.5,23,,,False,constant_blank
minimal_corrected,2020-2022,60-74,HBOV,PM10,23,,,False,constant_blank
minimal_corrected,2020-2022,60-74,HBOV,NO2,23,,,False,constant_blank
minimal_corrected,2020-2022,60-74,HBOV,SO2,23,,,False,constant_blank
minimal_corrected,2020-2022,60-74,HBOV,O3,23,,,False,constant_blank
minimal_corrected,2020-2022,60-74,HBOV,CO,23,,,False,constant_blank
minimal_corrected,2020-2022,60-74,HBOV,AQI,23,,,False,constant_blank
minimal_corrected,2020-2022,75-89,FluA,windlevel,36,-0.2020030944795054,0.8135986772117402,False,computed
minimal_corrected,2020-2022,75-89,FluA,temp,36,0.1336114677911547,0.8904716212835968,False,computed
minimal_corrected,2020-2022,75-89,FluA,humi,36,0.098127116552851,0.934795415091642,False,computed
minimal_corrected,2020-2022,75-89,FluA,PM2.5,36,-0.0874279663779215,0.939142344872617,False,computed
minimal_corrected,2020-2022,75-89,FluA,PM10,36,-0.1409462219577314,0.8859133474068429,False,computed
minimal_corrected,2020-2022,75-89,FluA,NO2,36,-0.0916903275505412,0.939142344872617,False,computed
minimal_corrected,2020-2022,75-89,FluA,SO2,36,-0.3605628689088354,0.6328728615023584,False,computed
minimal_corrected,2020-2022,75-89,FluA,O3,36,0.016950320012046,0.9976213999135164,False,computed
minimal_corrected,2020-2022,75-89,FluA,CO,36,-0.2197735568040713,0.7905613522817263,False,computed
minimal_corrected,2020-2022,75-89,FluA,AQI,36,0.0261689151063166,0.9976213999135164,False,computed
minimal_corrected,2020-2022,75-89,FluB,windlevel,36,0.2196622790170069,0.7905613522817263,False,computed
minimal_corrected,2020-2022,75-89,FluB,temp,36,-0.2847473987257497,0.7190997631417492,False,computed
minimal_corrected,2020-2022,75-89,FluB,humi,36,0.2359335589441926,0.7679172456256808,False,computed
minimal_corrected,2020-2022,75-89,FluB,PM2.5,36,-0.122042453146307,0.9044106291413172,False,computed
minimal_corrected,2020-2022,75-89,FluB,PM10,36,-0.2522048388713783,0.7583899253282129,False,computed
minimal_corrected,2020-2022,75-89,FluB,NO2,36,-0.1545871073186556,0.8835328352059227,False,computed
minimal_corrected,2020-2022,75-89,FluB,SO2,36,-0.2848023851892777,0.7190997631417492,False,computed
minimal_corrected,2020-2022,75-89,FluB,O3,36,-0.1871317614910041,0.8253656195209351,False,computed
minimal_corrected,2020-2022,75-89,FluB,CO,36,0.0081366872236813,0.9976213999135164,False,computed
minimal_corrected,2020-2022,75-89,FluB,AQI,36,-0.1708594344048298,0.8438763857551281,False,computed
minimal_corrected,2020-2022,75-89,RSV,windlevel,36,-0.133505377519414,0.8904716212835968,False,computed
minimal_corrected,2020-2022,75-89,RSV,temp,36,0.0847007626911249,0.939142344872617,False,computed
minimal_corrected,2020-2022,75-89,RSV,humi,36,0.1147615761723175,0.9280179377544084,False,computed
minimal_corrected,2020-2022,75-89,RSV,PM2.5,36,-0.0014147175568571,0.99917598907008,False,computed
minimal_corrected,2020-2022,75-89,RSV,PM10,36,-0.0770971451635292,0.9531207378481488,False,computed
minimal_corrected,2020-2022,75-89,RSV,NO2,36,-0.1080490534049638,0.9332012195169388,False,computed
minimal_corrected,2020-2022,75-89,RSV,SO2,36,-0.1625366018647253,0.8783539061142684,False,computed
minimal_corrected,2020-2022,75-89,RSV,O3,36,-0.1091100915726066,0.9332012195169388,False,computed
minimal_corrected,2020-2022,75-89,RSV,CO,36,-0.1026620500919446,0.9332012195169388,False,computed
minimal_corrected,2020-2022,75-89,RSV,AQI,36,-0.031123786250857,0.9882926147810968,False,computed
minimal_corrected,2020-2022,75-89,ADV,windlevel,36,0.0366737708328837,0.9882926147810968,False,computed
minimal_corrected,2020-2022,75-89,ADV,temp,36,-0.041827922409397,0.9782570558607396,False,computed
minimal_corrected,2020-2022,75-89,ADV,humi,36,0.0021806025900633,0.9976213999135164,False,computed
minimal_corrected,2020-2022,75-89,ADV,PM2.5,36,-0.0488684664674776,0.9662640078397436,False,computed
minimal_corrected,2020-2022,75-89,ADV,PM10,36,-0.1076424733094911,0.9332012195169388,False,computed
minimal_corrected,2020-2022,75-89,ADV,NO2,36,0.0188336889022733,0.9976213999135164,False,computed
minimal_corrected,2020-2022,75-89,ADV,SO2,36,0.0457023597929538,0.9755035178187688,False,computed
minimal_corrected,2020-2022,75-89,ADV,O3,36,-0.0291426554593071,0.9937893070898584,False,computed
minimal_corrected,2020-2022,75-89,ADV,CO,36,0.148498325707036,0.8859133474068429,False,computed
minimal_corrected,2020-2022,75-89,ADV,AQI,36,-0.1024949174997402,0.9332012195169388,False,computed
minimal_corrected,2020-2022,75-89,PIV,windlevel,36,0.0913832746017431,0.939142344872617,False,computed
minimal_corrected,2020-2022,75-89,PIV,temp,36,-0.3645177286891753,0.6328728615023584,False,computed
minimal_corrected,2020-2022,75-89,PIV,humi,36,-0.1157521478288746,0.9243491961923838,False,computed
minimal_corrected,2020-2022,75-89,PIV,PM2.5,36,0.1477458016972536,0.8859133474068429,False,computed
minimal_corrected,2020-2022,75-89,PIV,PM10,36,0.0639682922212201,0.9591994268329904,False,computed
minimal_corrected,2020-2022,75-89,PIV,NO2,36,0.1685622204930865,0.8476442849628517,False,computed
minimal_corrected,2020-2022,75-89,PIV,SO2,36,-0.0873386581031613,0.939142344872617,False,computed
minimal_corrected,2020-2022,75-89,PIV,O3,36,-0.2098565797303488,0.8135986772117402,False,computed
minimal_corrected,2020-2022,75-89,PIV,CO,36,0.2604758580489247,0.7583899253282129,False,computed
minimal_corrected,2020-2022,75-89,PIV,AQI,36,-0.1269293829014206,0.9044106291413172,False,computed
minimal_corrected,2020-2022,75-89,HRV,windlevel,36,0.1822715897470901,0.8365190647470069,False,computed
minimal_corrected,2020-2022,75-89,HRV,temp,36,-0.3546386100890554,0.6328728615023584,False,computed
minimal_corrected,2020-2022,75-89,HRV,humi,36,-0.0199467022742098,0.9976213999135164,False,computed
minimal_corrected,2020-2022,75-89,HRV,PM2.5,36,0.1382601786175408,0.8859133474068429,False,computed
minimal_corrected,2020-2022,75-89,HRV,PM10,36,0.0123807117564061,0.9976213999135164,False,computed
minimal_corrected,2020-2022,75-89,HRV,NO2,36,0.203675815366437,0.8135986772117402,False,computed
minimal_corrected,2020-2022,75-89,HRV,SO2,36,-0.0526281858270327,0.9638876098082352,False,computed
minimal_corrected,2020-2022,75-89,HRV,O3,36,-0.2523076294373829,0.7583899253282129,False,computed
minimal_corrected,2020-2022,75-89,HRV,CO,36,0.3849521187360256,0.6328728615023584,False,computed
minimal_corrected,2020-2022,75-89,HRV,AQI,36,-0.1740977672044755,0.8438763857551281,False,computed
minimal_corrected,2020-2022,75-89,MP,windlevel,36,0.0406781998179642,0.9782570558607396,False,computed
minimal_corrected,2020-2022,75-89,MP,temp,36,-0.0081356399635928,0.9976213999135164,False,computed
minimal_corrected,2020-2022,75-89,MP,humi,36,0.2196622790170069,0.7905613522817263,False,computed
minimal_corrected,2020-2022,75-89,MP,PM2.5,36,-0.0569531448016099,0.9638876098082352,False,computed
minimal_corrected,2020-2022,75-89,MP,PM10,36,-0.1220345994538927,0.9044106291413172,False,computed
minimal_corrected,2020-2022,75-89,MP,NO2,36,0.122042453146307,0.9044106291413172,False,computed
minimal_corrected,2020-2022,75-89,MP,SO2,36,-0.1383325870919348,0.8859133474068429,False,computed
minimal_corrected,2020-2022,75-89,MP,O3,36,0.0406808177154356,0.9782570558607396,False,computed
minimal_corrected,2020-2022,75-89,MP,CO,36,-0.0732301850131318,0.9531373877823126,False,computed
minimal_corrected,2020-2022,75-89,MP,AQI,36,0.0081361635430871,0.9976213999135164,False,computed
minimal_corrected,2020-2022,75-89,HMPV,windlevel,36,-0.1352550249767685,0.8859133474068429,False,computed
minimal_corrected,2020-2022,75-89,HMPV,temp,36,-0.2709380721844761,0.7402020284141947,False,computed
minimal_corrected,2020-2022,75-89,HMPV,humi,36,0.0415181564010966,0.9782570558607396,False,computed
minimal_corrected,2020-2022,75-89,HMPV,PM2.5,36,0.255545716783119,0.7583899253282129,False,computed
minimal_corrected,2020-2022,75-89,HMPV,PM10,36,0.2324160713999534,0.7679172456256808,False,computed
minimal_corrected,2020-2022,75-89,HMPV,NO2,36,0.3278861290718076,0.6328728615023584,False,computed
minimal_corrected,2020-2022,75-89,HMPV,SO2,36,-0.0312516565793547,0.9882926147810968,False,computed
minimal_corrected,2020-2022,75-89,HMPV,O3,36,0.0573586700987235,0.9638876098082352,False,computed
minimal_corrected,2020-2022,75-89,HMPV,CO,36,0.0479446607463144,0.9696509415940722,False,computed
minimal_corrected,2020-2022,75-89,HMPV,AQI,36,0.1673674627507529,0.853554762599455,False,computed
minimal_corrected,2020-2022,75-89,HBOV,windlevel,36,0.131597451791018,0.9013538828630624,False,computed
minimal_corrected,2020-2022,75-89,HBOV,temp,36,0.0444060366881021,0.9781602131275092,False,computed
minimal_corrected,2020-2022,75-89,HBOV,humi,36,0.2524985589783326,0.7583899253282129,False,computed
minimal_corrected,2020-2022,75-89,HBOV,PM2.5,36,-0.2411694708356465,0.7583899253282129,False,computed
minimal_corrected,2020-2022,75-89,HBOV,PM10,36,-0.2291610798429796,0.7679172456256808,False,computed
minimal_corrected,2020-2022,75-89,HBOV,NO2,36,0.1789321880393506,0.8405202015628284,False,computed
minimal_corrected,2020-2022,75-89,HBOV,SO2,36,-0.3491572034393675,0.6328728615023584,False,computed
minimal_corrected,2020-2022,75-89,HBOV,O3,36,-0.276502094923127,0.7221533391026016,False,computed
minimal_corrected,2020-2022,75-89,HBOV,CO,36,-0.0645105023211653,0.9591994268329904,False,computed
minimal_corrected,2020-2022,75-89,HBOV,AQI,36,-0.2891440429911246,0.7190997631417492,False,computed
minimal_corrected,2020-2022,>=90,FluA,windlevel,36,-0.1707284427173177,0.8438763857551281,False,computed
minimal_corrected,2020-2022,>=90,FluA,temp,36,0.3194447277257989,0.6421466541564022,False,computed
minimal_corrected,2020-2022,>=90,FluA,humi,36,0.2829367588428504,0.7190997631417492,False,computed
minimal_corrected,2020-2022,>=90,FluA,PM2.5,36,-0.3543648550577086,0.6328728615023584,False,computed
minimal_corrected,2020-2022,>=90,FluA,PM10,36,-0.3350143026905857,0.6328728615023584,False,computed
minimal_corrected,2020-2022,>=90,FluA,NO2,36,-0.0255035312352138,0.9976213999135164,False,computed
minimal_corrected,2020-2022,>=90,FluA,SO2,36,-0.1423011761861443,0.8859133474068429,False,computed
minimal_corrected,2020-2022,>=90,FluA,O3,36,-0.3157068708695949,0.6421466541564022,False,computed
minimal_corrected,2020-2022,>=90,FluA,CO,36,-0.3457964475088406,0.6328728615023584,False,computed
minimal_corrected,2020-2022,>=90,FluA,AQI,36,-0.3248344504695662,0.6328728615023584,False,computed
minimal_corrected,2020-2022,>=90,FluB,windlevel,36,0.1545771593082641,0.8835328352059227,False,computed
minimal_corrected,2020-2022,>=90,FluB,temp,36,-0.2196622790170069,0.7905613522817263,False,computed
minimal_corrected,2020-2022,>=90,FluB,humi,36,0.0081356399635928,0.9976213999135164,False,computed
minimal_corrected,2020-2022,>=90,FluB,PM2.5,36,0.1708594344048298,0.8438763857551281,False,computed
minimal_corrected,2020-2022,>=90,FluB,PM10,36,0.0569494797451499,0.9638876098082352,False,computed
minimal_corrected,2020-2022,>=90,FluB,NO2,36,0.0732254718877842,0.9531373877823126,False,computed
minimal_corrected,2020-2022,>=90,FluB,SO2,36,-0.1057837430703031,0.9332012195169388,False,computed
minimal_corrected,2020-2022,>=90,FluB,O3,36,-0.122042453146307,0.9044106291413172,False,computed
minimal_corrected,2020-2022,>=90,FluB,CO,36,0.1708704316973077,0.8438763857551281,False,computed
minimal_corrected,2020-2022,>=90,FluB,AQI,36,-0.1057701260601328,0.9332012195169388,False,computed
minimal_corrected,2020-2022,>=90,RSV,windlevel,36,0.0732207596723356,0.9531373877823126,False,computed
minimal_corrected,2020-2022,>=90,RSV,temp,36,0.2847473987257497,0.7190997631417492,False,computed
minimal_corrected,2020-2022,>=90,RSV,humi,36,0.105763319526707,0.9332012195169388,False,computed
minimal_corrected,2020-2022,>=90,RSV,PM2.5,36,-0.1871317614910041,0.8253656195209351,False,computed
minimal_corrected,2020-2022,>=90,RSV,PM10,36,-0.1708484392354498,0.8438763857551281,False,computed
minimal_corrected,2020-2022,>=90,RSV,NO2,36,-0.2196764156633527,0.7905613522817263,False,computed
minimal_corrected,2020-2022,>=90,RSV,SO2,36,0.0081372110054079,0.9976213999135164,False,computed
minimal_corrected,2020-2022,>=90,RSV,O3,36,-0.2034040885771784,0.8135986772117402,False,computed
minimal_corrected,2020-2022,>=90,RSV,CO,36,-0.1383236828025824,0.8859133474068429,False,computed
minimal_corrected,2020-2022,>=90,RSV,AQI,36,-0.1545871073186556,0.8835328352059227,False,computed
minimal_corrected,2020-2022,>=90,ADV,windlevel,36,0.0605759252714022,0.9591994268329904,False,computed
minimal_corrected,2020-2022,>=90,ADV,temp,36,0.1181551616601202,0.9189719479395074,False,computed
minimal_corrected,2020-2022,>=90,ADV,humi,36,-0.072134582390327,0.954519561675515,False,computed
minimal_corrected,2020-2022,>=90,ADV,PM2.5,36,-0.0497696431559412,0.9647621969615572,False,computed
minimal_corrected,2020-2022,>=90,ADV,PM10,36,0.000428098411812,1.0,False,computed
minimal_corrected,2020-2022,>=90,ADV,NO2,36,-0.1239424661818923,0.9044106291413172,False,computed
minimal_corrected,2020-2022,>=90,ADV,SO2,36,-0.0823178126747129,0.9467903618936312,False,computed
minimal_corrected,2020-2022,>=90,ADV,O3,36,0.3713992725830451,0.6328728615023584,False,computed
minimal_corrected,2020-2022,>=90,ADV,CO,36,-0.0328607825657021,0.9882926147810968,False,computed
minimal_corrected,2020-2022,>=90,ADV,AQI,36,0.2562333886351037,0.7583899253282129,False,computed
minimal_corrected,2020-2022,>=90,PIV,windlevel,36,0.0284547404528862,0.995754614221381,False,computed
minimal_corrected,2020-2022,>=90,PIV,temp,36,0.1922037185308168,0.8253656195209351,False,computed
minimal_corrected,2020-2022,>=90,PIV,humi,36,0.3301823656325484,0.6328728615023584,False,computed
minimal_corrected,2020-2022,>=90,PIV,PM2.5,36,-0.0955711275761699,0.9378461277463918,False,computed
minimal_corrected,2020-2022,>=90,PIV,PM10,36,-0.0859011032539963,0.939142344872617,False,computed
minimal_corrected,2020-2022,>=90,PIV,NO2,36,-0.060134642070399,0.9591994268329904,False,computed
minimal_corrected,2020-2022,>=90,PIV,SO2,36,-0.0515506147693202,0.9638876098082352,False,computed
minimal_corrected,2020-2022,>=90,PIV,O3,36,-0.1417459420230834,0.8859133474068429,False,computed
minimal_corrected,2020-2022,>=90,PIV,CO,36,-0.0724883857355488,0.954519561675515,False,computed
minimal_corrected,2020-2022,>=90,PIV,AQI,36,-0.0757052190350559,0.9531373877823126,False,computed
minimal_corrected,2020-2022,>=90,HRV,windlevel,36,0.1870279015486642,0.8253656195209351,False,computed
minimal_corrected,2020-2022,>=90,HRV,temp,36,-0.1816559739153692,0.8365190647470069,False,computed
minimal_corrected,2020-2022,>=90,HRV,humi,36,0.0565466066662628,0.9638876098082352,False,computed
minimal_corrected,2020-2022,>=90,HRV,PM2.5,36,-0.0330112059830131,0.9882926147810968,False,computed
minimal_corrected,2020-2022,>=90,HRV,PM10,36,-0.1530999375489065,0.8835328352059227,False,computed
minimal_corrected,2020-2022,>=90,HRV,NO2,36,-0.0124410540749685,0.9976213999135164,False,computed
minimal_corrected,2020-2022,>=90,HRV,SO2,36,-0.1501602319593503,0.8859133474068429,False,computed
minimal_corrected,2020-2022,>=90,HRV,O3,36,-0.2170115682395082,0.8052397730628309,False,computed
minimal_corrected,2020-2022,>=90,HRV,CO,36,0.1517764905516041,0.8859133474068429,False,computed
minimal_corrected,2020-2022,>=90,HRV,AQI,36,-0.2070445874180846,0.8135986772117402,False,computed
minimal_corrected,2020-2022,>=90,MP,windlevel,36,0.2210577884765377,0.7905613522817263,False,computed
minimal_corrected,2020-2022,>=90,MP,temp,36,0.0969153647426463,0.9378461277463918,False,computed
minimal_corrected,2020-2022,>=90,MP,humi,36,-0.0988601546705923,0.934795415091642,False,computed
minimal_corrected,2020-2022,>=90,MP,PM2.5,36,0.0149110156699458,0.9976213999135164,False,computed
minimal_corrected,2020-2022,>=90,MP,PM10,36,0.0622332776942745,0.9591994268329904,False,computed
minimal_corrected,2020-2022,>=90,MP,NO2,36,0.063209740339988,0.9591994268329904,False,computed
minimal_corrected,2020-2022,>=90,MP,SO2,36,-0.3271119946799646,0.6328728615023584,False,computed
minimal_corrected,2020-2022,>=90,MP,O3,36,0.1361440561168972,0.8859133474068429,False,computed
minimal_corrected,2020-2022,>=90,MP,CO,36,0.020422922845394,0.9976213999135164,False,computed
minimal_corrected,2020-2022,>=90,MP,AQI,36,0.1134533800974143,0.9299862005687052,False,computed
minimal_corrected,2020-2022,>=90,HMPV,windlevel,36,0.079995402405284,0.9494274477986764,False,computed
minimal_corrected,2020-2022,>=90,HMPV,temp,36,-0.2475025537505769,0.7583899253282129,False,computed
minimal_corrected,2020-2022,>=90,HMPV,humi,36,-0.1041550876954705,0.9332012195169388,False,computed
minimal_corrected,2020-2022,>=90,HMPV,PM2.5,36,-0.0037584151293999,0.9976213999135164,False,computed
minimal_corrected,2020-2022,>=90,HMPV,PM10,36,0.0236228033948489,0.9976213999135164,False,computed
minimal_corrected,2020-2022,>=90,HMPV,NO2,36,0.3242975340225091,0.6328728615023584,False,computed
minimal_corrected,2020-2022,>=90,HMPV,SO2,36,-0.0676601818847328,0.9591994268329904,False,computed
minimal_corrected,2020-2022,>=90,HMPV,O3,36,-0.3178545366578235,0.6421466541564022,False,computed
minimal_corrected,2020-2022,>=90,HMPV,CO,36,0.172629748251696,0.8438763857551281,False,computed
minimal_corrected,2020-2022,>=90,HMPV,AQI,36,-0.2469815656462817,0.7583899253282129,False,computed
minimal_corrected,2020-2022,>=90,HBOV,windlevel,36,0.2847473987257497,0.7190997631417492,False,computed
minimal_corrected,2020-2022,>=90,HBOV,temp,36,0.0406781998179642,0.9782570558607396,False,computed
minimal_corrected,2020-2022,>=90,HBOV,humi,36,-0.2522048388713783,0.7583899253282129,False,computed
minimal_corrected,2020-2022,>=90,HBOV,PM2.5,36,-0.1383147802324813,0.8859133474068429,False,computed
minimal_corrected,2020-2022,>=90,HBOV,PM10,36,0.0244069198907785,0.9976213999135164,False,computed
minimal_corrected,2020-2022,>=90,HBOV,NO2,36,-0.1057701260601328,0.9332012195169388,False,computed
minimal_corrected,2020-2022,>=90,HBOV,SO2,36,-0.2034302751351983,0.8135986772117402,False,computed
minimal_corrected,2020-2022,>=90,HBOV,O3,36,0.2034040885771784,0.8135986772117402,False,computed
minimal_corrected,2020-2022,>=90,HBOV,CO,36,-0.2034171805920329,0.8135986772117402,False,computed
minimal_corrected,2020-2022,>=90,HBOV,AQI,36,0.1464509437755684,0.8859133474068429,False,computed
