table,object_name,rows,columns,status,findings,csv_sha256,rda_sha256
S1,cohort_pathogen_summary,17,10,PASS,,4f744b22f2dc9cae86f229080a55ecbc2b3720683530b6705f0e25f22c7a75d0,bc19932c0224ba407a7cbdf4ecfb8f5b80c48de5b483f9c50cd81973070c2ecb
S2,demographics_summary,2,10,PASS,,25eabf041aecd514ee123e5bd36e7dd4049595ddc68d7110f3924edc225db9b6,45815479e82d0f924e4c742ff5413ebf511f4f327cbd86a7284d2cc2d13b1e9b
S3,panel_history,92,12,PASS,,6100008034a9a538a8c4336e07566e71daf0a98037af683f6d77918c6741fb33,de73fe0ee342bb64e3cdf98e8393979a8d376406d373caf2e27c7bc0a972e5da
S4,complete_year_sensitivity,14,8,PASS,,c1c4d4ccca527280c3f7651cc67a647288cd83fdd5ed0b0a72d89e68cf8b8b6b,17dcb47bdcb56d32778946ef8a16b850b0dd18a3fb883136139590cda2d25d98
S5,age_standardized_sensitivity,10,10,PASS,,1d47d6750c1b65db60f95d62eb1c057913f9319613c071d66878c65f83243cc1,08bfe758c3b8b6f07317156e441a0a187ef0e6da522677808d91174c2061cf9a
S6,age_pathogen_rates,153,10,PASS,,979a591da2f953d8d4a0ebd31bd9af2a29b913098c6b3cde0109372fc4abf1a9,2969592c0db399f60d3aea09e685bd1178c98edaaffb4b009ceffea518baa8b6
S7,codetection_by_age,9,7,PASS,,df03708f0a4dabe55cf402242ae48fed34ffab59dd4e8d04900d395f6fd54c1a,e86dda6d519f3c371433a4947bdc030a4f3ed73d3d3941c0259932a919a2137b
S8,joint_tested_codetection,36,8,PASS,,5c6f070a1d57a0383866b02d6de4ac73fad9e3732d7bc91f14d30967679b78c3,6d9e362cf1494fc3c5333613352311524a28f34337350be0064fe8f913d8a975
S9,panel_size_denominators,9,5,PASS,,cfaf31b6de778d54f57c91eacffa1860100e3ef036a38554418c852dc14b6947,f250ce4ee35916584c141587c6125071089066290300e3982a79c9609ff2fb94
S10,environment_spearman,2430,11,PASS,,f8ae5bdc60364fc2069c94181f161aa7105efae625d4f7def7e819bde6c44fed,eeafb6d08846b64b9e1ff7427aea4e79eb8bbf54d7179e17f5f75229beeda487
S11,rf_lag_metrics,45,12,PASS,,ec61eb52ecd54d76f61e88f8813617e130b29fb370f7d2af1ed9a516c57cbb5c,40c88dc0f0913b0a6a38a3802b63ac74f758408061ec75124e3f4aee1775ff47
